"","year","country_code","code_2","country","region","eu_member","fpu_em_clerks","fpu_em_elem_ocupation","fpu_em_professional","fpu_em_senior_official","fpu_em_technician","fsppaid_em","no_ed_sppaid_em","pri_ed_sppaid_em","sec_ed_sppaid_em","ter_ed_sppaid_em","tot_em_ter_ed_wpsec","psec_sformal_em","psec_spaid_em","psec_stotal_em","psec_spaid_em_rural","psec_spaid_em_urban","wbill_per_gdp","wbill_per_pub_expenditure","lfpr","egov_index","epar_index","online_ser_index","hum_cap_index","telcom_infra_index","gdp_percap","per_growth_gdp","upop","vdem_corr"
"1","2008","AUT","AT","Austria","Continental","EU",0.665874719619751,0.643353760242462,0.619053959846497,0.173858270049095,0.647020280361176,0.624116718769073,0,0.0813656747341156,0.412497609853745,0.50613671541214,0.326713413000107,0.243393898010254,0.243167236447334,0.210103750228882,0.224738746881485,0.255314588546753,10.6445628245188,21.3442049087138,73.8925101265682,0.7428,0.47727,0.66555,0.96637,0.59894,51708.7657541758,1.4604236757386,57966,0.086
"2","2010","AUT","AT","Austria","Continental","EU",0.696945011615753,0.652138292789459,0.662354946136475,0.2621228992939,0.677313089370728,0.650931239128113,0.00368830934166908,0.102274999022484,0.419475883245468,0.474560797214508,0.332960993051529,0.257370829582214,0.257284641265869,0.226423367857933,0.226799890398979,0.276203066110611,11.1663331041992,21.1341983987522,74.4254272245125,0.66793,0.5,0.47619,0.9598,0.57362,46858.0432733717,1.83709367680054,57399,0.086
"3","2012","AUT","AT","Austria","Continental","EU",0.779253661632538,0.825172483921051,0.642128884792328,0.382479637861252,0.697903573513031,0.669494867324829,0.00152309448458254,0.0986503139138222,0.403843224048615,0.495983392000198,0.336883157491684,0.267116785049438,0.267291128635406,0.233362630009651,0.231497704982758,0.2935930788517,10.7384582167881,20.9682210865174,75.1133270134342,0.78395,0.3684,0.74509,0.90907,0.69769,48567.69528642,0.680445576816723,57147,0.085
"4","2014","AUT","AT","Austria","Continental","EU",0.802977561950684,0.809923350811005,0.656488537788391,0.397441864013672,0.69207900762558,0.671663761138916,0,0.0913518741726875,0.416252255439758,0.492395877838135,0.334772676229477,0.275121122598648,0.275307357311249,0.241049066185951,0.25267031788826,0.291682183742523,10.6137037173781,20.2842386599686,75.381149109162,0.79124,0.62745,0.74803,0.866,0.75972,51717.4959405515,0.661272848852605,57526,0.048
"5","2016","AUT","AT","Austria","Continental","EU",0.785174787044525,0.753094732761383,0.648612320423126,0.2621228992939,0.701095163822174,0.662874579429626,0,0.0680781677365303,0.401050537824631,0.530871331691742,0.338772535324097,0.273668766021729,0.27309775352478,0.240612119436264,0.246655523777008,0.291112512350082,10.6576228898915,21.2231059951781,76.2015934063179,0.82081,0.88136,0.91304,0.83959,0.70981,45276.8314351693,1.98943716230463,57905,0.048
"6","2018","AUT","AT","Austria","Continental","EU",0.810510158538818,0.781804025173187,0.669824659824371,0.397441864013672,0.612852513790131,0.659428358078003,0,0.072533905506134,0.373301565647125,0.554164528846741,0.333214044570923,0.274246662855148,0.273703187704086,0.241443991661072,0.260634779930115,0.281549215316772,10.4328511526531,21.5275164048783,76.7899812636817,0.8301,0.8258,0.8681,0.8505,0.7716,51478.2852619277,2.58012073304926,58297,0.057
"7","2008","BEL","BE","Belgium","Continental","EU",0.726276993751526,0.802998423576355,0.64581698179245,0.239657700061798,0.671267330646515,0.64827686548233,0.0101033644750714,0.12186948210001,0.280197978019714,0.587829172611237,0.443930238485336,0.385530084371567,0.385530084371567,0.342832326889038,0.411500155925751,0.384308308362961,11.8331045624262,23.5340706746729,67.1068707592461,0.6779,0.40909,0.53846,0.9771,0.52224,48106.892915788,0.446928735275904,97555,0.028
"8","2010","BEL","BE","Belgium","Continental","EU",0.743034362792969,0.752006709575653,0.644007444381714,0.395022958517075,0.665813088417053,0.6505286693573,0.00521132629364729,0.138401657342911,0.259708762168884,0.596678256988525,0.431094527244568,0.373667865991592,0.37327778339386,0.33717679977417,0.410883188247681,0.371650636196136,12.3004319352727,23.0598202824133,67.6639181558885,0.72246,0.58571,0.62539,0.97513,0.56979,44141.8781415734,2.86429270764155,97651,0.028
"9","2012","BEL","BE","Belgium","Continental","EU",0.77287483215332,0.735103011131287,0.665264904499054,0.287308037281036,0.560637891292572,0.655875265598297,0.00451018009334803,0.0990555062890053,0.263031363487244,0.633402943611145,0.421011358499527,0.374771982431412,0.374421209096909,0.339997053146362,0.397319167852402,0.369424372911453,12.5560966294281,22.4756211918939,66.9352803483041,0.77181,0.1316,0.64705,0.92641,0.74198,44673.1158755901,0.739217283058679,97744,0.028
"10","2014","BEL","BE","Belgium","Continental","EU",0.705675363540649,0.69810938835144,0.674552738666534,0.425716370344162,0.633751749992371,0.661685049533844,0.00558201037347317,0.103485405445099,0.268481522798538,0.622451066970825,0.426347762346268,0.390213578939438,0.389087408781052,0.350747287273407,0.418636947870255,0.38284957408905,12.7197652504711,23.0121549759433,67.7221121470773,0.75638,0.62745,0.67716,0.8932,0.6988,47700.5403601178,1.57853314322614,97833,0.025
"11","2016","BEL","BE","Belgium","Continental","EU",0.711502313613892,0.773632824420929,0.67772114276886,0.367140710353851,0.592206478118896,0.661747634410858,0.00382916769012809,0.0834843143820763,0.276676028966904,0.636010468006134,0.43553227186203,0.398704200983047,0.398164629936218,0.35800912976265,0.446135461330414,0.387959480285645,12.3244768155155,23.2351752948959,67.6234639229809,0.7874,0.64407,0.71014,0.97124,0.68083,41984.1030335609,1.26668640902095,97919,0.025
"12","2018","BEL","BE","Belgium","Continental","EU",0.669840514659882,0.805404365062714,0.672985792160034,0.425716370344162,0.645278930664063,0.673084616661072,0.00524417916312814,0.0924425050616264,0.269248247146606,0.633065044879913,0.42890128493309,0.39312407374382,0.392093181610107,0.349430918693542,0.429997891187668,0.383915334939957,12.2,23.4184486491198,68.5947218210605,0.808,0.7584,0.7569,0.974,0.693,47583.0749405066,1.81229599862863,98001,0.026
"13","2008","BGR","BG","Bulgaria","Eastern","EU",0.880267679691315,0.579849123954773,0.705915689468384,0.276841670274735,0.791571974754334,0.619055211544037,0.00502045452594757,0.101994425058365,0.415578186511993,0.477406948804855,0.361749827861786,0.189145252108574,0.180886894464493,0.156578436493874,0.185705721378326,0.176385968923569,8.8154674,26.3194419199074,67.7966575045211,0.5719,0.04545,0.48494,0.92622,0.30707,7265.73549682997,6.08562760690579,71622,NA
"14","2010","BGR","BG","Bulgaria","Eastern","EU",0.811678767204285,0.707774043083191,0.724872589111328,0.420261651277542,0.774584352970123,0.625496506690979,0.00427783094346523,0.0736343935132027,0.361900001764297,0.560187757015228,0.371587634086609,0.209330871701241,0.199332341551781,0.174675464630127,0.191636547446251,0.20483672618866,9.0476876,26.1435009406667,66.6926468554473,0.55902,0.3,0.40952,0.93503,0.33704,6812.40633845402,0.559446489731144,72302,NA
"15","2012","BGR","BG","Bulgaria","Eastern","EU",0.784604728221893,0.653441190719604,0.803410828113556,0.420261651277542,0.537900924682617,0.6575066447258,0.0129532534629107,0.0496102459728718,0.349806845188141,0.587629675865173,0.397978395223618,0.224423512816429,0.218482881784439,0.197431862354279,0.180776074528694,0.231636941432953,8.6580382,26.4306704234356,67.1033092084386,0.61315,0.0263,0.49019,0.84864,0.50062,7395.84980340721,0.356586982837044,72975,NA
"16","2014","BGR","BG","Bulgaria","Eastern","EU",0.811266183853149,0.756250321865082,0.797550320625305,0.542881965637207,0.506902635097504,0.699018597602844,0.010881407186389,0.068433903157711,0.352762281894684,0.567922413349152,0.356776803731918,0.217137932777405,0.20997728407383,0.189193859696388,0.203921109437943,0.212014883756638,9.5132831,25.5363778302593,68.9954215448392,0.54209,0.2549,0.23622,0.796,0.59406,7876.86646539994,1.88546463842944,73651,NA
"17","2016","BGR","BG","Bulgaria","Eastern","EU",0.839949309825897,0.804599165916443,0.77628093957901,0.556003332138062,0.550950229167938,0.688316345214844,0.00833346322178841,0.0537161715328693,0.365879625082016,0.572070717811584,0.345830261707306,0.2134999781847,0.208343118429184,0.186748027801514,0.196116656064987,0.212384507060051,9.0161354,27.1991817552144,68.6788781065412,0.63764,0.69492,0.56522,0.78747,0.56023,7548.85500737534,3.82043453021177,74329,NA
"18","2018","BGR","BG","Bulgaria","Eastern","EU",0.915806353092194,0.748277485370636,0.790901482105255,0.556003332138062,0.513030827045441,0.6944540143013,0.00137997115962207,0.059090219438076,0.356644690036774,0.582885086536407,0.327038586139679,0.195427045226097,0.190941318869591,0.17138734459877,0.171555027365685,0.197267308831215,9.5571411,27.2452773163071,71.4983597719257,0.7177,0.8708,0.7639,0.8106,0.5785,9427.73043039881,3.09244765360886,75008,NA
"19","2008","CHE","CH","Switzerland","Continental","Non-EU",0.769418299198151,0.628458678722382,0.493879586458206,0.364323318004608,0.775718510150909,0.649914443492889,0.00082803738769143,0.114096015691757,0.44197478890419,0.443101167678833,0.292032152414322,0.241176635026932,0.241084456443787,0.209308430552483,0.2374427318573,0.2416752576828,6.9105899,22.7056805452956,82.3119050995771,0.7626,0.40909,0.55852,0.94551,0.79002,72487.8459417575,2.1547019611267,73556,0.026
"20","2010","CHE","CH","Switzerland","Continental","Non-EU",0.761173903942108,0.870709657669067,0.61608761548996,0.471718370914459,0.681161344051361,0.658111214637756,0,0.112520150840282,0.439297944307327,0.44818189740181,0.309208571910858,0.26849228143692,0.26846969127655,0.237140849232674,0.275206208229065,0.267405092716217,7.3417865,22.9098816612911,81.2996342745647,0.7136,0.2,0.44444,0.9358,0.76872,74605.7210819748,3.00269906375317,73607,0.026
"21","2012","CHE","CH","Switzerland","Continental","Non-EU",0.780456483364105,0.886470556259155,0.61460953950882,0.431016802787781,0.685151875019073,0.660045504570007,0,0.0964126884937286,0.435389757156372,0.468197554349899,0.317039430141449,0.271193623542786,0.271193623542786,0.242157712578773,0.255752623081207,0.275732696056366,7.4940503,23.2863945980682,82.2859820126423,0.81341,0.3421,0.6732,0.88881,0.87823,83538.230025042,1.0060240455055,73653,0.026
"22","2014","CHE","CH","Switzerland","Continental","Non-EU",0.78114265203476,0.775084257125854,0.611589789390564,0.523490786552429,0.740478932857513,0.650449931621552,0,0.100966356694698,0.411540329456329,0.487493306398392,0.319725871086121,0.268928498029709,0.268928498029709,0.238451406359673,0.27511915564537,0.267058074474335,7.4839537,22.9185167656517,82.8810244851798,0.7267,0.37254,0.50393,0.8562,0.81992,86605.5633762421,2.44921805580964,73696,0.025
"23","2016","CHE","CH","Switzerland","Continental","Non-EU",0.820903539657593,0.727062940597534,0.661438286304474,0.46998593211174,0.757123827934265,0.667692422866821,0,0.0811458304524422,0.412403166294098,0.506451010704041,0.330275446176529,0.279844373464584,0.279989928007126,0.251348733901978,0.275572896003723,0.281257390975952,7.5695382,22.9872940567508,83.8730147242588,0.75246,0.57627,0.60145,0.85794,0.79799,80172.2320869148,1.72274067016851,73739,0.02
"24","2018","CHE","CH","Switzerland","Continental","Non-EU",0.837254762649536,0.85306179523468,0.640534400939941,0.580407619476318,0.745602309703827,0.690766274929047,0,0.063802644610405,0.412602841854095,0.523594498634338,0.329875349998474,0.294307172298431,0.294307172298431,0.264504373073578,0.31874680519104,0.289368808269501,7.5983822,23.0260099311603,84.2076572011841,0.852,0.8427,0.8472,0.866,0.8428,82818.1081617471,2.75055377478878,73797,0.021
"25","2008","CYP","CY","Cyprus","Southern","EU",0.880864679813385,0.655556440353394,0.668839037418365,0.126845091581345,0.497756749391556,0.564978003501892,0.00709187798202038,0.0770533308386803,0.300047665834427,0.615807116031647,0.327457010746002,0.22822467982769,0.22822467982769,0.196056321263313,0.191525295376778,0.240816429257393,13.1678083993644,34.4482526049194,73.6330183797904,0.6019,0.0909,0.47826,0.90387,0.42744,35397.3636837901,3.6468119905756,67839,NA
"26","2010","CYP","CY","Cyprus","Southern","EU",0.903407573699951,0.608386397361755,0.651510953903198,0.136705636978149,0.568025052547455,0.573568999767303,0.0027559467125684,0.113587312400341,0.285771101713181,0.59788566827774,0.328061103820801,0.229777932167053,0.229777932167053,0.201789945363998,0.236665323376656,0.227380126714706,14.319023808907,34.0563189352394,73.6175789860642,0.57053,0.48571,0.37142,0.91353,0.43266,31023.6383309791,2.01469570699406,67551,NA
"27","2012","CYP","CY","Cyprus","Southern","EU",0.887452006340027,0.682177126407623,0.693799078464508,0.137877687811852,0.517596185207367,0.602415204048157,0.00414761109277606,0.0890471041202545,0.253395050764084,0.653410255908966,0.327488720417023,0.229170098900795,0.229170098900795,0.204352393746376,0.213946282863617,0.234199941158295,14.5944503735325,34.8266869099947,73.4787236922321,0.65081,0.0789,0.56209,0.87509,0.51526,28912.1569390403,-3.44682208589713,67261,NA
"28","2014","CYP","CY","Cyprus","Southern","EU",0.882225334644318,0.705261588096619,0.728883147239685,0.159414321184158,0.546721041202545,0.637557446956635,0.0054729008115828,0.0712442025542259,0.225380226969719,0.697902679443359,0.324949830770493,0.236681178212166,0.236681178212166,0.210274294018745,0.223588541150093,0.241050094366074,13.2679541853823,33.14983754948,74.2821435621004,0.59576,0.31372,0.47244,0.7828,0.53203,27129.6261211298,-1.82930910922002,67031,NA
"29","2016","CYP","CY","Cyprus","Southern","EU",0.83500862121582,0.644112884998322,0.68509429693222,0.154922515153885,0.514597773551941,0.595470786094666,0.00095370091730728,0.0847539305686951,0.216369152069092,0.697923243045807,0.320864230394363,0.243750408291817,0.243750408291817,0.216920703649521,0.249509766697884,0.24188768863678,12.201057857676,32.3700748988435,73.3878634546939,0.60226,0.52542,0.53623,0.7782,0.49234,24532.5190588269,6.43805848146472,66881,NA
"30","2018","CYP","CY","Cyprus","Southern","EU",0.880091726779938,0.637515068054199,0.630523800849915,0.193143412470818,0.351550161838531,0.56051242351532,0,0.0691055357456207,0.26954647898674,0.661347985267639,0.292072355747223,0.237451389431953,0.237451389431953,0.211401760578156,0.240862771868706,0.236824452877045,11.8485538425917,32.3576293290827,74.9962002822398,0.7736,0.8202,0.7847,0.8083,0.7279,28689.7067225792,5.24074782806838,66.81,NA
"31","2008","CZE","CZ","Czech Republic","Eastern","EU",0.83377879858017,0.800657868385315,0.615864038467407,0.495782107114792,0.813343644142151,0.691458940505981,0,0.0308117438107729,0.600181877613068,0.369006365537643,0.378697127103806,0.215590536594391,0.215590536594391,0.18091544508934,0.196799144148827,0.227282926440239,8.3076113343623,20.4434839559488,69.6723523696426,0.6696,0.20454,0.64548,0.93618,0.42792,22804.5776774507,2.68641195092762,73394,0.254
"32","2010","CZE","CZ","Czech Republic","Eastern","EU",0.816470324993134,0.837101757526398,0.608165264129639,0.356376200914383,0.815939843654633,0.697789490222931,0,0.0313282608985901,0.587664365768433,0.381007373332977,0.354028671979904,0.221162557601929,0.221130311489105,0.184029832482338,0.213462859392166,0.226065516471863,8.92358895878928,20.5072260780251,70.1698426716958,0.60602,0.12857,0.45396,0.9429,0.4258,19960.0684872157,2.43490215904518,73255,0.242
"33","2012","CZE","CZ","Czech Republic","Eastern","EU",0.915134191513062,0.840075075626373,0.690375208854675,0.522700905799866,0.743328213691711,0.701581120491028,0,0.0212671235203743,0.555810689926147,0.422922223806381,0.352529376745224,0.221036568284035,0.221036568284035,0.180935174226761,0.195167034864426,0.236754298210144,8.85233473040795,19.9019733796424,71.5893810510379,0.64914,0.2632,0.54248,0.88984,0.51511,19870.8012123403,-0.785004299003617,73197,0.233
"34","2014","CZE","CZ","Czech Republic","Eastern","EU",0.84703528881073,0.876584231853485,0.716000556945801,0.575081825256348,0.782698333263397,0.712817668914795,0.00054183165775612,0.0194503962993622,0.56864857673645,0.411359190940857,0.34013107419014,0.220591023564339,0.220591023564339,0.182193160057068,0.214615628123283,0.224124670028687,8.79859909698875,20.7347772265058,73.5177649890673,0.60695,0.2549,0.37007,0.8755,0.57532,19890.9199056648,2.26210289708078,73384,0.228
"35","2016","CZE","CZ","Czech Republic","Eastern","EU",0.858135282993317,0.805449485778809,0.7603560090065,0.552474558353424,0.732073187828064,0.710089564323425,0,0.0149116264656186,0.560770869255066,0.424317508935928,0.350853085517883,0.228701084852219,0.228674694895744,0.189338341355324,0.215331807732582,0.236894547939301,8.79561408476108,22.2772074740043,75.0001434979854,0.64537,0.55932,0.47826,0.86266,0.59518,18575.2320271915,2.5372845203138,73.57,0.221
"36","2018","CZE","CZ","Czech Republic","Eastern","EU",0.835251092910767,0.828531682491302,0.795804500579834,0.483307540416718,0.696208953857422,0.729039490222931,0,0.019010616466403,0.537806272506714,0.443183153867722,0.340756386518478,0.234422400593758,0.234422400593758,0.194778025150299,0.216352194547653,0.244477495551109,9.73801519691264,23.9894866351503,76.5685969532872,0.7084,0.618,0.6528,0.8752,0.5971,23415.8436273041,3.1813140503092,73792,0.229
"37","2008","DEU",NA,NA,NA,NA,NA,NA,NA,NA,NA,NA,NA,NA,NA,NA,NA,NA,NA,NA,NA,NA,NA,NA,NA,NA,NA,NA,NA,NA,NA,NA,NA,0.015
"38","2010","DEU",NA,NA,NA,NA,NA,NA,NA,NA,NA,NA,NA,NA,NA,NA,NA,NA,NA,NA,NA,NA,NA,NA,NA,NA,NA,NA,NA,NA,NA,NA,NA,0.016
"39","2012","DEU",NA,NA,NA,NA,NA,NA,NA,NA,NA,NA,NA,NA,NA,NA,NA,NA,NA,NA,NA,NA,NA,NA,NA,NA,NA,NA,NA,NA,NA,NA,NA,0.016
"40","2014","DEU",NA,NA,NA,NA,NA,NA,NA,NA,NA,NA,NA,NA,NA,NA,NA,NA,NA,NA,NA,NA,NA,NA,NA,NA,NA,NA,NA,NA,NA,NA,NA,0.023
"41","2016","DEU",NA,NA,NA,NA,NA,NA,NA,NA,NA,NA,NA,NA,NA,NA,NA,NA,NA,NA,NA,NA,NA,NA,NA,NA,NA,NA,NA,NA,NA,NA,NA,0.024
"42","2018","DEU",NA,NA,NA,NA,NA,NA,NA,NA,NA,NA,NA,NA,NA,NA,NA,NA,NA,NA,NA,NA,NA,NA,NA,NA,NA,NA,NA,NA,NA,NA,NA,0.031
"43","2008","DNK",NA,NA,NA,NA,NA,NA,NA,NA,NA,NA,NA,NA,NA,NA,NA,NA,NA,NA,NA,NA,NA,NA,NA,NA,NA,NA,NA,NA,NA,NA,NA,0.005
"44","2010","DNK",NA,NA,NA,NA,NA,NA,NA,NA,NA,NA,NA,NA,NA,NA,NA,NA,NA,NA,NA,NA,NA,NA,NA,NA,NA,NA,NA,NA,NA,NA,NA,0.005
"45","2012","DNK",NA,NA,NA,NA,NA,NA,NA,NA,NA,NA,NA,NA,NA,NA,NA,NA,NA,NA,NA,NA,NA,NA,NA,NA,NA,NA,NA,NA,NA,NA,NA,0.005
"46","2014","DNK",NA,NA,NA,NA,NA,NA,NA,NA,NA,NA,NA,NA,NA,NA,NA,NA,NA,NA,NA,NA,NA,NA,NA,NA,NA,NA,NA,NA,NA,NA,NA,0.006
"47","2016","DNK",NA,NA,NA,NA,NA,NA,NA,NA,NA,NA,NA,NA,NA,NA,NA,NA,NA,NA,NA,NA,NA,NA,NA,NA,NA,NA,NA,NA,NA,NA,NA,0.01
"48","2018","DNK",NA,NA,NA,NA,NA,NA,NA,NA,NA,NA,NA,NA,NA,NA,NA,NA,NA,NA,NA,NA,NA,NA,NA,NA,NA,NA,NA,NA,NA,NA,NA,0.012
"49","2008","ESP","ES","Spain","Southern","EU",0.709012389183044,0.703465759754181,0.586630880832672,0.237562417984009,0.662020862102509,0.599330544471741,0.00407567201182246,0.160613507032394,0.20087556540966,0.63443523645401,0.348137050867081,0.237477004528046,0.237443432211876,0.199178248643875,0.219772025942802,0.242588132619858,10.5835293063674,25.7158965495473,73.7894001337609,0.7228,0.36363,0.69899,0.98683,0.48336,35366.2596011983,0.887145182485298,77976,0.039
"50","2010","ESP","ES","Spain","Southern","EU",0.680983126163483,0.706473469734192,0.62241405248642,0.414890825748444,0.62096780538559,0.607562839984894,0.00211186218075454,0.174411430954933,0.18729342520237,0.636183261871338,0.380078345537186,0.271384179592133,0.271028488874435,0.226781457662582,0.251715451478958,0.276650011539459,11.5533311438708,25.3210652024931,74.553929727859,0.75156,0.82857,0.76507,0.9792,0.51,30502.7197080776,0.163010230841422,78442,0.041
"51","2012","ESP","ES","Spain","Southern","EU",0.660519242286682,0.773926138877869,0.661110758781433,0.297561794519424,0.66578471660614,0.619912385940552,0.00071531895082444,0.140171125531197,0.212997660040855,0.646115899085999,0.35782191157341,0.269248217344284,0.268502831459045,0.224069252610207,0.242694586515427,0.275402307510376,10.9562758759972,22.7769369643146,75.2846772700871,0.77696,0.5,0.75816,0.94091,0.63179,28324.4293363918,-2.95944130173555,78902,0.052
"52","2014","ESP","ES","Spain","Southern","EU",0.686412692070007,0.693097114562988,0.649662137031555,0.415565192699432,0.6234210729599,0.618109583854675,0.00444168364629149,0.143203437328339,0.191503450274467,0.660851418972015,0.344086766242981,0.278530567884445,0.278127074241638,0.229287892580032,0.262724220752716,0.282666057348251,11.1007689194658,24.7529134724466,75.2642239033936,0.84098,0.78431,0.94488,0.9152,0.66288,29461.5503337389,1.38390794267029,79366,0.062
"53","2016","ESP","ES","Spain","Southern","EU",0.665368378162384,0.702942669391632,0.666956901550293,0.461750626564026,0.612581193447113,0.619926393032074,0.00494255311787128,0.12531490623951,0.191307634115219,0.678434908390045,0.357563883066177,0.28022900223732,0.280197381973267,0.231559574604034,0.270539075136185,0.282884925603867,10.8572746376961,25.725662123667,75.3599521584067,0.8135,0.9322,0.91304,0.87821,0.64926,26505.3432155204,3.03130132981933,79.84,0.078
"54","2018","ESP","ES","Spain","Southern","EU",0.651571214199066,0.755445003509521,0.670797288417816,0.453518688678741,0.612482070922852,0.624856233596802,0.00130551622714847,0.11187394708395,0.201832503080368,0.684988021850586,0.35087651014328,0.273186445236206,0.272553116083145,0.229756817221642,0.248035430908203,0.279574006795883,10.4812972397865,25.3073562545111,74.9042020707639,0.8415,0.9831,0.9375,0.8885,0.6986,30389.3609902899,2.43004714546871,80321,0.038
"55","2008","EST","EE","Estonia","Eastern","EU",1,0.786318361759186,0.815709471702576,0.525102615356445,0.826903343200684,0.773510932922363,0,0.0452930144965649,0.332576721906662,0.622130274772644,0.324743390083313,0.219007179141045,0.216908052563667,0.203379780054092,0.222656592726707,0.212032467126846,11.1101895167906,27.9506511309116,74.1074192712302,0.76,0.72727,0.71237,0.97344,0.59577,18227.1195304476,-5.08894290133486,68351,0.044
"56","2010","EST","EE","Estonia","Eastern","EU",0.8361456990242,0.797374546527863,0.799704372882843,0.580766439437866,0.777430891990662,0.761501431465149,NA,0.041885033249855,0.298397481441498,0.659122228622437,0.364496290683746,0.25906053185463,0.257276743650436,0.237921521067619,0.257317692041397,0.25724133849144,11.6379257624414,28.7264554435518,73.806007218161,0.69653,0.68571,0.50158,0.96663,0.62729,14790.8209234701,2.69032839901406,68094,0.036
"57","2012","EST","EE","Estonia","Eastern","EU",0.947051346302032,0.742264866828918,0.771895468235016,0.560491740703583,0.788916110992432,0.734466016292572,0,0.0197779852896929,0.286396384239197,0.693825602531433,0.367961198091507,0.254004061222076,0.253059923648834,0.232294127345085,0.265979290008545,0.245501294732094,10.2660233767812,26.1203875782037,74.8338400602544,0.79873,0.7632,0.82352,0.90847,0.66421,17534.421349913,3.12484637290247,67974,0.037
"58","2014","EST","EE","Estonia","Eastern","EU",0.964754164218903,0.752832174301147,0.793669521808624,0.632014751434326,0.826915681362152,0.768090307712555,0,0.034049566835165,0.285012662410736,0.680937767028809,0.355880081653595,0.245832115411758,0.245395317673683,0.223331987857819,0.255599141120911,0.239385530352592,10.7810154831294,28.4687578154822,75.1942239256007,0.81796,0.7647,0.77165,0.8889,0.79337,20367.103161316,2.98732482453686,68269,0.036
"59","2016","EST","EE","Estonia","Eastern","EU",0.915400743484497,0.724262237548828,0.778271019458771,0.582596242427826,0.808276653289795,0.762837171554565,0,0.0368483848869801,0.246390804648399,0.716760814189911,0.335226207971573,0.245036736130714,0.244714066386223,0.219697132706642,0.249966442584991,0.24164317548275,11.4552471470264,28.9794537329802,77.3680774459923,0.83344,0.81356,0.8913,0.87608,0.73295,18437.2528207173,3.18781708302028,68563,0.035
"60","2018","EST","EE","Estonia","Eastern","EU",0.926531612873077,0.706203520298004,0.758613884449005,0.671280562877655,0.806764185428619,0.75475287437439,0,0.0303858742117882,0.20388762652874,0.765726506710052,0.318222403526306,0.239141345024109,0.23897248506546,0.214930653572083,0.242516428232193,0.237493887543678,11.0050991695151,27.6186759755397,79.0210803450651,0.8486,0.9101,0.9028,0.8818,0.7613,23170.7073775514,4.35546476501582,68.88,0.043
"61","2008","FIN","FI","Finland","Nordic","EU",0.916425704956055,0.869119822978973,0.651575803756714,0.383600115776062,0.777651429176331,0.757076919078827,0,0.0686272159218788,0.39534118771553,0.536031603813171,0.37432399392128,0.302347302436829,0.302443444728851,0.260578185319901,0.314850002527237,0.289381057024002,12.8758821,26.6807868540066,76.1164499717354,0.7488,0.27272,0.6321,0.99333,0.62456,53554.0389224673,0.783995060876521,83299,0.032
"62","2010","FIN","FI","Finland","Nordic","EU",0.871743142604828,0.970934450626373,0.665436387062073,0.604539573192596,0.809786200523376,0.774096131324768,NA,0.0266289059072733,0.332323521375656,0.536031603813171,0.386640667915344,0.325018852949142,NA,0.27210208773613,0.319152027368546,0.31057807803154,14.3249171,23.23915062045,74.6344206974128,0.6967,0.41428,0.47936,0.99333,0.62399,46459.9732548543,3.18595865407703,83.77,0.032
"63","2012","FIN","FI","Finland","Nordic","EU",0.879857063293457,0.949529886245728,0.653328657150269,0.506087064743042,0.812885463237762,0.770354807376862,0,0.0463284030556679,0.330450296401978,0.623221278190613,0.374770730733871,0.314136624336243,0.313717186450958,0.27210208773613,0.341189324855804,0.281085759401321,14.2952956,25.4348077211068,75.3902923644621,0.85052,0.7368,0.88235,0.9467,0.7225,47710.7902169415,-1.39754572817782,84841,0.032
"64","2014","FIN","FI","Finland","Nordic","EU",0.871743142604828,0.942226648330688,0.659888684749603,0.413575887680054,0.833315193653107,0.771221816539764,0,0.0427052937448025,0.328175067901611,0.629119634628296,0.386640667915344,0.330648332834244,0.330210119485855,0.284475386142731,0.350547552108765,0.323014378547668,14.1944966,24.4273402154825,75.4798052134059,0.84491,0.70588,0.77165,0.9037,0.8594,50260.2998588958,-0.364908156882066,85175,0.027
"65","2016","FIN","FI","Finland","Nordic","EU",0.845475316047668,0.883746922016144,0.699546277523041,0.540403723716736,0.815656363964081,0.773606359958649,0,0.0330080725252628,0.332323521375656,0.634668409824371,0.387970417737961,0.334519535303116,0.334606617689133,0.287603139877319,0.343654572963715,0.331356406211853,13.3112113,23.808610607438,76.0387223744648,0.88168,0.91525,0.94203,0.94399,0.75903,43784.2839622098,2.81145776663433,85275,0.033
"66","2018","FIN","FI","Finland","Nordic","EU",0.877902388572693,0.901470363140106,0.705817878246307,0.561604976654053,0.809786200523376,0.776992619037628,0,0.0178367868065834,0.339979112148285,0.64218407869339,0.375571578741074,0.311798542737961,0.311621695756912,0.268582791090012,0.31468865275383,0.31057807803154,12.208819,23.1126118703298,78.0384465724712,0.8815,1,0.9653,0.9509,0.7284,50030.8773106501,1.51758861140196,85382,0.053
"67","2008","FRA","FR","France","Continental","EU",0.767846584320068,0.788577854633331,0.644742369651794,0.2170470058918,0.732762575149536,0.667998075485229,0.00735324062407017,0.159485056996346,0.397534906864166,0.435626804828644,0.403206646442413,0.331391632556915,0.332843422889709,0.300871342420578,0.287653475999832,0.341053396463394,12.3771569680483,23.2225256615501,69.5489548954896,0.8038,0.93181,0.82943,0.98183,0.59921,45334.1144358246,0.254945960124005,77868,0.073
"68","2010","FRA","FR","France","Continental","EU",0.814044415950775,0.813484489917755,0.647475838661194,0.24993871152401,0.729187786579132,0.697146892547607,0.00643308972939849,0.174817457795143,0.400303840637207,0.418445616960526,0.38323438167572,0.348564594984055,0.349253356456757,0.31803286075592,0.334123820066452,0.352341324090958,13.0206701886293,22.8898678414097,69.9842060502976,0.75103,0.6,0.68253,0.97723,0.59539,40638.33400426,1.94943762312663,78369,0.072
"69","2012","FRA","FR","France","Continental","EU",0.82188493013382,0.778949797153473,0.724843621253967,0.486206859350204,0.631577551364899,0.695304691791534,0.00297910626977682,0.122455962002277,0.421474933624268,0.453090012073517,0.352858990430832,0.324633151292801,0.32274517416954,0.288671046495438,0.301377058029175,0.33372163772583,12.8542457789242,22.508173359041,70.4552636056489,0.86349,0.5789,0.87581,0.92442,0.79024,40874.7035053457,0.313134751077172,78878,0.073
"70","2014","FRA","FR","France","Continental","EU",0.826052129268646,0.807692587375641,0.706567287445068,0.2170470058918,0.658758938312531,0.700451493263245,0.00614532502368093,0.118620030581951,0.422993272542953,0.452241361141205,0.381494760513306,0.376071125268936,0.373699009418488,0.33163183927536,0.359406679868698,0.380811780691147,12.9549043732687,22.6422764227642,71.0143867349427,0.89384,0.96078,1,0.8812,0.80029,43011.2631028417,0.956183052371557,79394,0.069
"71","2016","FRA","FR","France","Continental","EU",0.860172927379608,0.815983533859253,0.65656566619873,0.239013075828552,0.689184010028839,0.702008664608002,0.00478187436237931,0.12437628954649,0.39152917265892,0.479312658309937,0.393450826406479,0.39269545674324,0.39106747508049,0.347234457731247,0.382648050785065,0.395117819309235,12.739122162752,22.5174492385787,71.4240297375951,0.84559,0.89831,0.94203,0.84452,0.75021,37037.3741861219,1.09546440372048,79917,0.069
"72","2018","FRA","FR","France","Continental","EU",0.869774699211121,0.775671482086182,0.660159289836884,0.503913998603821,0.683810353279114,0.69965648651123,0.0229912772774696,0.111482128500938,0.404080212116241,0.46144637465477,0.351752251386642,0.349256724119186,0.347544491291046,0.314915776252747,0.32110595703125,0.360205262899399,12.6093522223533,22.450108105225,71.935097622364,0.879,0.9663,0.9792,0.8598,0.7979,41631.0907389044,1.79286392711333,80444,0.079
"73","2008","GBR","GB","United Kingdom","Anglo-Saxon","EU",0.850075602531433,0.703399121761322,0.650282800197601,0.541783034801483,0.74111008644104,0.72431892156601,0.00105232640635222,0.0611659213900566,0.383058279752731,0.5547234416008,0.427699327468872,0.338173091411591,0.333943873643875,0.295787662267685,0.36306557059288,0.328347623348236,10.1974795,25.1894490418778,76.5302555799982,0.7872,0.43181,0.6923,0.96994,0.70222,47286.9984928367,-0.281153555903288,80757,0.046
"74","2010","GBR","GB","United Kingdom","Anglo-Saxon","EU",0.832568168640137,0.641837894916534,0.595735371112823,0.585883378982544,0.67692643404007,0.698684275150299,0.00248725875280797,0.0592226684093475,0.365712851285934,0.572577238082886,0.434851467609406,0.346138834953308,0.345619082450867,0.301160156726837,0.354603886604309,0.34306064248085,10.8409072,24.3790643492359,75.9919248797676,0.81466,0.77142,0.7746,0.95423,0.71637,39435.8399018505,1.94952146428622,81302,0.046
"75","2012","GBR","GB","United Kingdom","Anglo-Saxon","EU",0.823274254798889,0.707982778549194,0.700094401836395,0.534738421440125,0.670345067977905,0.710423588752747,0.00727843912318349,0.0515866801142693,0.357940942049026,0.583193957805634,0.405732661485672,0.328400731086731,0.325685441493988,0.284754604101181,0.365171909332275,0.319752216339111,10.1273717,23.4073394513444,76.6299037737847,0.89603,0.9211,0.97385,0.90074,0.81351,42462.771568145,1.4789239242734,81837,0.046
"76","2014","GBR","GB","United Kingdom","Anglo-Saxon","EU",0.76959753036499,0.76391214132309,0.665595173835754,0.629915475845337,0.64674174785614,0.701733767986298,0,0.13339364528656,0.263199031352997,0.603407323360443,0.393141120672226,0.326045453548431,0.324768960475922,0.282727986574173,0.326789885759354,0.32448136806488,9.2652289,22.8544196443744,77.1778026870684,0.86948,0.96078,0.89763,0.8574,0.8534,47425.6076805194,2.60747590068877,82365,0.056
"77","2016","GBR","GB","United Kingdom","Anglo-Saxon","EU",0.807792544364929,0.74743777513504,0.683959007263184,0.527738571166992,0.700538277626038,0.703790605068207,0.00030605398933403,0.118394367396832,0.253167867660522,0.628131687641144,0.392449170351028,0.336437255144119,0.334125727415085,0.286904990673065,0.35650360584259,0.33045819401741,9.0931595,23.4020563256704,77.7058628929224,0.91928,1,1,0.94018,0.81766,41064.1334316223,1.91815513204681,82886,0.056
"78","2018","GBR","GB","United Kingdom","Anglo-Saxon","EU",0.807792544364929,0.707982778549194,0.63615471124649,0.527738571166992,0.687633872032166,0.713584721088409,0.00927120167762041,0.118394367396832,0.369331240653992,0.448489040136337,0.399493604898453,0.336437255144119,0.331896513700485,0.326797962188721,0.354603886604309,0.34306064248085,9.0087641,26.7759023454089,78.3223348504436,0.8999,0.9831,0.9792,0.92,0.8004,43043.2278164551,1.34072060244353,83398,0.038
"79","2008","GRC","GR","Greece","Southern","EU",0.574173867702484,0.670731127262115,0.607810139656067,0.17583179473877,0.675786077976227,0.535376667976379,0.00473527563735843,0.112081848084927,0.26336732506752,0.619815528392792,0.371285080909729,0.308093637228012,0.308093637228012,0.203960239887238,0.311190664768219,0.306211292743683,11.5897351130212,22.7940280069245,66.6594250418162,0.5718,0.0909,0.41471,0.96979,0.33561,31997.2820241039,-0.335172452094639,75568,0.396
"80","2010","GRC","GR","Greece","Southern","EU",0.627184152603149,0.675342679023743,0.589642345905304,0.284844011068344,0.70891797542572,0.553234875202179,0.0067098974250257,0.088822066783905,0.235152795910835,0.669315218925476,0.371059626340866,0.337336897850037,0.32979828119278,0.220441862940788,0.296965926885605,0.348107576370239,12.4168808703231,23.6612261414986,67.8365442864342,0.57075,0.25714,0.35555,0.98036,0.38287,26917.7589549077,-5.47903689372846,76292,0.39
"81","2012","GRC","GR","Greece","Southern","EU",0.630233705043793,0.724551260471344,0.63325047492981,0.0621095634996891,0.518613219261169,0.524549067020416,0.00334717729128897,0.0756818577647209,0.249518290162086,0.671452641487122,0.351199984550476,0.347080409526825,0.340499490499496,0.225015804171562,0.325452864170074,0.34785583615303,12.8198154850317,24.2991395376502,67.4698496124806,0.68716,0.3421,0.57516,0.93317,0.55314,22242.681946404,-7.30049406220242,77004,0.378
"82","2014","GRC","GR","Greece","Southern","EU",0.597793936729431,0.63617879152298,0.56408429145813,0.140140518546104,0.590189337730408,0.511137306690216,0,0.0692241340875626,0.218941569328308,0.711834311485291,0.34957292675972,0.331893712282181,0.326016247272491,0.21531879901886,0.30783399939537,0.332946687936783,12.2386037972416,24.3852116210338,67.4265045723134,0.71176,0.80392,0.60629,0.8741,0.65487,21760.9797507704,0.739776853966688,77702,0.231
"83","2016","GRC","GR","Greece","Southern","EU",0.601970195770264,0.538963198661804,0.577907204627991,0.194384694099426,0.520821690559387,0.515816450119019,0.00069918710505589,0.0748329609632492,0.222034111618996,0.70243376493454,0.347187548875809,0.331598728895187,0.326381057500839,0.222385376691818,0.305446654558182,0.332260608673096,12.1453016635692,24.8278965639342,68.2165417149119,0.691,0.61017,0.57971,0.89012,0.60318,18116.4596531285,-0.190952352057238,78387,0.213
"84","2018","GRC","GR","Greece","Southern","EU",0.562166690826416,0.701271057128906,0.624793469905853,0.235721483826637,0.638290822505951,0.531320035457611,0.00042541028233245,0.0594068840146065,0.236912399530411,0.703255295753479,0.337715238332748,0.321319222450256,0.317463248968124,0.222614243626595,0.26297527551651,0.329915672540665,11.9974694122305,24.7114818601006,68.1762081430427,0.7833,0.8764,0.8194,0.8867,0.6439,20324.3049917812,1.93437065932918,79058,0.284
"85","2008","HRV","HR","Croatia","Eastern","EU",0.771932363510132,0.838629901409149,0.750519633293152,0.363294124603271,0.568783462047577,0.684210896492004,0.00096272228984162,0.0477743782103062,0.432694017887115,0.503259420394897,0.418861567974091,0.241403698921204,NA,0.20708179473877,0.205227375030518,0.224666610360146,12.1716700643793,26.0287016167789,65.7522751145853,0.565,0.13636,0.43143,0.89916,0.36832,16296.8059238498,1.89345290008815,54819,NA
"86","2010","HRV","HR","Croatia","Eastern","EU",0.763889789581299,0.97178989648819,0.71854954957962,0.236198961734772,0.54430478811264,0.688973307609558,0.00059869937831535,0.0500824116170406,0.471985548734665,0.477333337068558,0.422127813100815,0.210360959172249,0.210200950503349,0.183833330869675,0.207002699375153,0.212373211979866,12.1716700643793,25.72897433345,65.115501824017,0.5858,0.45714,0.42222,0.91813,0.422,13949.3264974977,-1.31656297984225,55155,NA
"87","2012","HRV","HR","Croatia","Eastern","EU",0.88808536529541,0.880403757095337,0.827575445175171,0.277504950761795,0.54430478811264,0.687040090560913,0,0.0457135364413261,0.487898588180542,0.466387867927551,0.425909370183945,0.235695958137512,0.235695958137512,0.208959385752678,0.22384138405323,0.245755478739738,12.2456517927853,26.0287016167789,63.8801774275551,0.73284,0.2895,0.64052,0.86152,0.69649,13258.3598451041,-2.3917742692408,55506,NA
"88","2014","HRV","HR","Croatia","Eastern","EU",0.738048791885376,0.835891306400299,0.783179044723511,0.363294124603271,0.492028176784515,0.648110628128052,0,0.0507516637444496,0.510837316513062,0.438411027193069,0.418861567974091,0.240417122840881,0.240417122840881,0.215861812233925,0.22021472454071,0.255632281303406,11.6744629323007,24.3243531963774,66.0963671713665,0.62817,0.33333,0.46456,0.7928,0.62711,13599.4097770608,-0.34145251686769,55923,NA
"89","2016","HRV","HR","Croatia","Eastern","EU",0.771932363510132,0.903717935085297,0.750519633293152,0.503041446208954,0.533506989479065,0.669452130794525,0.00096272228984162,0.0572502911090851,0.442771047353745,0.499015957117081,0.399013012647629,0.235884606838226,0.235884606838226,0.211207494139671,0.21178537607193,0.250604242086411,11.5625630324318,24.6774316002388,65.6052175587037,0.71624,0.77966,0.74638,0.80498,0.59735,12361.4838303671,3.49813499168994,56403,NA
"90","2018","HRV","HR","Croatia","Eastern","EU",0.878178954124451,0.915363609790802,0.797360718250275,0.456784635782242,0.544577181339264,0.684210896492004,0.00113451178185642,0.0477743782103062,0.432694017887115,0.518397092819214,0.398580551147461,0.227911427617073,0.227911427617073,0.206288516521454,0.212044835090637,0.23677895963192,11.9180904601221,25.2242449408537,66.3000215906234,0.7018,0.7697,0.6806,0.8196,0.6051,15014.0850191716,2.80760970078776,56947,NA
"91","2008","HUN","HU","Hungary","Eastern","EU",0.936244368553162,0.6973916888237,0.731965601444244,0.346650272607803,0.817912995815277,0.684280514717102,0,0.0752661973237991,0.412852048873901,0.511881768703461,0.38625630736351,0.243137747049332,0.243025213479996,0.212594032287598,0.223104640841484,0.259437412023544,11.3367468778534,23.3901873097809,61.1988128174319,0.6494,0.20454,0.61705,0.96043,0.37162,15753.4732840195,1.0582892500439,67943,0.338
"92","2010","HUN","HU","Hungary","Eastern","EU",0.93189400434494,0.641060352325439,0.748698353767395,0.469959765672684,0.828784048557281,0.685093522071838,0.00211238046176732,0.0938192382454872,0.404199689626694,0.499868720769882,0.387160241603851,0.276715934276581,0.276401877403259,0.228627279400826,0.275222152471542,0.277397632598877,10.7841772067974,21.9022951184113,61.9180522460364,0.63147,0.31428,0.50476,0.9597,0.4338,13191.6212644696,1.12217824979848,68911,0.383
"93","2012","HUN","HU","Hungary","Eastern","EU",0.92894971370697,0.623360991477966,0.732005596160889,0.590205192565918,0.805924952030182,0.691170692443848,0.00127472425810993,0.0876958966255188,0.396990656852722,0.514038681983948,0.393876284360886,0.283164918422699,0.282717049121857,0.241650342941284,0.275388687849045,0.286631524562836,9.9006520398273,20.4263778136499,63.713363810961,0.72014,0.4474,0.68627,0.9065,0.56766,12950.6865153085,-1.38062332775523,69678,0.437
"94","2014","HUN","HU","Hungary","Eastern","EU",0.871942341327667,0.652273058891296,0.725558459758759,0.4870226085186,0.789512693881989,0.676172137260437,0.00018104074115399,0.117326401174068,0.343326240777969,0.539166331291199,0.406800001859665,0.292890936136246,0.292864859104156,0.259860694408417,0.295523911714554,0.291234940290451,10.2542016455975,20.7629972530465,66.9829083439215,0.66374,0.45098,0.55905,0.8668,0.56536,14267.0121547683,4.22895073481537,70227,0.456
"95","2016","HUN","HU","Hungary","Eastern","EU",0.91875422000885,0.659539997577667,0.724401891231537,0.479293167591095,0.757785320281982,0.666137516498566,0.00174407206941396,0.134634301066399,0.342584669589996,0.521036982536316,0.385631531476974,0.298564225435257,0.298401325941086,0.265444666147232,0.322655230760574,0.276955425739288,10.8816316149383,23.256275541345,70.1349197774034,0.67455,0.49153,0.63043,0.8317,0.5615,13090.5067287853,2.13999571174807,70779,0.468
"96","2018","HUN","HU","Hungary","Eastern","EU",0.879868686199188,0.648479640483856,0.736260533332825,0.443658441305161,0.813303828239441,0.694157958030701,0,0.148970767855644,0.347529649734497,0.503499567508698,0.364483952522278,0.293958336114883,0.293823182582855,0.261487156152725,0.313614696264267,0.284097909927368,10.5995426847707,22.3779116435021,71.9434422681268,0.7265,0.7079,0.7361,0.8364,0.6071,16410.1872639683,5.40529410393094,71351,0.482
"97","2008","IRL","IE","Ireland","Anglo-Saxon","EU",0.799139618873596,0.529088795185089,0.683452963829041,0.338752537965775,0.547654509544373,0.668976783752441,0.00076925859320908,0.206041723489761,0.179853335022926,0.61333566904068,0.358060449361801,0.325418174266815,0.32343253493309,0.270095705986023,0.363937586545944,0.307162553071976,11.2941245393153,27.0128463973403,74.7971165807262,0.7296,0.25,0.67558,0.99315,0.5217,61262.1004631517,-4.48038347614992,61141,0.063
"98","2010","IRL","IE","Ireland","Anglo-Saxon","EU",0.835143864154816,0.349545896053314,0.746896028518677,0.372441649436951,0.606236338615417,0.675731003284454,0.00180884753353894,0.166334435343742,0.151173919439316,0.680682778358459,0.345403373241425,0.328783631324768,0.326260089874268,0.267837882041931,0.379836678504944,0.297652572393417,11.5035477908294,17.6852900950055,71.5707623696868,0.68655,0.44285,0.49841,0.9931,0.57386,48715.1769134801,1.80997931190268,61542,0.051
"99","2012","IRL","IE","Ireland","Anglo-Saxon","EU",0.881387531757355,0.569310545921326,0.715611755847931,0.359489917755127,0.414690017700195,0.678432106971741,0.00406826287508011,0.127865105867386,0.156802266836166,0.711264371871948,0.335298359394073,0.31538051366806,0.313859432935715,0.26729229092598,0.330550283193588,0.3043252825737,10.8467520899,25.8050624691797,71.1303466726653,0.71492,0.1316,0.53594,0.9535,0.65533,48917.8976130459,0.225714790371583,61942,0.043
"100","2014","IRL","IE","Ireland","Anglo-Saxon","EU",0.815172553062439,0.47015255689621,0.741667151451111,0.482479482889175,0.381422132253647,0.689629912376404,0,0.114152818918228,0.139496698975563,0.746350467205048,0.333175003528595,0.324037998914719,0.323317468166351,0.271227329969406,0.366402804851532,0.303474128246307,9.415709254218,25.1391371715938,71.8463253878724,0.781,0.64705,0.67716,0.9619,0.70391,55492.982562275,8.55668815348987,62.34,0.046
"101","2016","IRL","IE","Ireland","Anglo-Saxon","EU",0.808966994285584,0.426714420318604,0.769375383853912,0.452842384576797,0.474463760852814,0.694038212299347,0.00147018337156624,0.0773251950740814,0.153202056884766,0.768002569675446,0.331782281398773,0.311970084905624,0.312363594770432,0.265789687633514,0.348241686820984,0.298868626356125,7.12485845270946,25.8810796995244,72.6621437457149,0.76888,0.71186,0.72464,0.92185,0.66015,63197.0823976808,3.67781580955584,62737,0.047
"102","2018","IRL","IE","Ireland","Anglo-Saxon","EU",0.842864632606506,0.529088795185089,0.685451805591583,0.501727104187012,0.664666414260864,0.675731003284454,0,0.0773251950740814,0.159370750188828,0.780758261680603,0.325554966926575,0.30687341094017,0.313501507043839,0.254808098077774,0.356269389390945,0.318311512470245,11.3309918007399,25.8810796995244,72.8785103627776,0.8287,0.9326,0.8264,0.9626,0.697,78621.2279310086,8.16987071841437,63.17,0.039
"103","2008","ISL","IS","Iceland","Nordic","Non-EU",0.948106348514557,0.723913788795471,0.722154021263123,0.646776497364044,0.829550623893738,0.730787396430969,0,0.197794705629349,0.238998085260391,0.56320720911026,0.367006301879883,0.300516903400421,0.299556285142899,0.253574788570404,0.320256024599075,0.288468092679977,13.7293421748814,25.1933839272196,86.8720539214966,0.7176,0.06818,0.46153,0.97789,0.72099,56409.7731130165,1.99198082855523,93395,0.018
"104","2010","ISL","IS","Iceland","Nordic","Non-EU",0.923004329204559,0.768908262252808,0.741218209266663,0.631936013698578,0.716922342777252,0.728145241737366,0,0.185491397976875,0.237988919019699,0.576519668102264,0.47389680147171,0.378308713436127,0.377631187438965,0.328015089035034,0.370478183031082,0.381847381591797,13.5740343161842,28.4066096262795,85.4623988397658,0.66971,0.04285,0.39682,0.9811,0.63948,43024.9234930663,-3.43587559404847,93574,0.018
"105","2012","ISL","IS","Iceland","Nordic","Non-EU",0.979637742042542,0.819247901439667,0.729966223239899,0.639017164707184,0.742750346660614,0.746717274188995,0,0.159082815051079,0.233536258339882,0.607380926609039,0.435050368309021,0.354223430156708,0.352407187223434,0.304482012987137,0.350340306758881,0.353604912757874,13.6138450936864,31.0606338116988,85.4982171721974,0.78354,0.1579,0.54248,0.93099,0.87716,45910.0205425261,1.29643760789892,93.6,0.018
"106","2014","ISL","IS","Iceland","Nordic","Non-EU",0.943120419979095,0.79687362909317,0.741218209266663,0.631936013698578,0.797317326068878,0.735612750053406,NA,0.256125748157501,0.244923666119576,0.576519668102264,0.446884006261826,0.358271300792694,0.359828293323517,0.304114133119583,0.387915670871735,0.324872016906738,13.5740343161842,36.672205240754,86.6720524704897,0.797,0.49019,0.61417,0.9178,0.85906,54241.9346445558,2.0826231642619,93667,0.021
"107","2016","ISL","IS","Iceland","Nordic","Non-EU",0.943120419979095,0.768908262252808,0.737093150615692,0.646776497364044,0.829550623893738,0.773480892181396,NA,0.197794705629349,0.236511930823326,0.590803146362305,0.41639256477356,0.358271300792694,0.359828293323517,0.306968361139297,0.350340306758881,0.345780044794083,13.6138450936864,25.1933839272196,89.0493083608211,0.76619,0.66102,0.62319,0.89401,0.78137,61466.8039542895,6.62703663431921,93735,0.021
"108","2018","ISL","IS","Iceland","Nordic","Non-EU",0.948106348514557,0.778239727020264,0.679427564144135,0.640191853046417,0.76344221830368,0.730787396430969,NA,0.279054820537567,0.236406564712524,0.49169796705246,0.419192910194397,0.346899926662445,0.359831064939499,0.31274539232254,0.383083343505859,0.353604912757874,13.7293421748814,30.4621146461308,87.2831715536119,0.8316,0.6854,0.7292,0.9365,0.8292,72968.7042280499,3.81442300431327,93813,0.022
"109","2008","ITA","IT","Italy","Southern","EU",0.579763293266296,0.575593292713165,0.552219986915588,0.115678571164608,0.751539885997772,0.584352076053619,0.00058568810345605,0.183417245745659,0.394490897655487,0.42150616645813,0.398551374673843,0.28541100025177,0.28541100025177,0.211996749043465,0.300341695547104,0.282743841409683,10.4323068147494,21.811048030907,62.9155035954565,0.668,0.22727,0.5117,0.95824,0.53891,40778.3427367209,-0.962012840579291,68092,0.314
"110","2010","ITA","IT","Italy","Southern","EU",0.649329841136932,0.543806910514832,0.612636148929596,0.120972022414207,0.726591050624847,0.593651354312897,0.00657583447173238,0.192835777997971,0.378283977508545,0.422304421663284,0.356479465961456,0.248453751206398,0.248453751206398,0.186340600252151,0.268380135297775,0.245089322328568,10.7539038276364,21.5551896703785,62.0138580067841,0.57995,0.21428,0.28888,0.96836,0.49143,36000.5201179254,1.71329583916922,68327,0.286
"111","2012","ITA","IT","Italy","Southern","EU",0.665529549121857,0.54204523563385,0.669173896312714,0.335851311683655,0.614198327064514,0.614161014556885,0.0106434244662523,0.171267256140709,0.375246852636337,0.442842453718185,0.364691585302353,0.257016897201538,0.257016897201538,0.193558856844902,0.299266129732132,0.250490099191666,10.2984940477851,20.2776147055485,63.4975323298424,0.71895,0.2632,0.57516,0.91203,0.66966,35053.5262442572,-2.98090576823772,68684,0.255
"112","2014","ITA","IT","Italy","Southern","EU",0.691468477249146,0.590612709522247,0.677323400974274,0.374195992946625,0.600839853286743,0.632009446620941,0.00192552839871496,0.136539250612259,0.373530834913254,0.488004386425018,0.340693324804306,0.253811031579971,0.253811031579971,0.191673040390015,0.290517389774323,0.248464033007622,10.0792501296377,19.8022536589857,63.9392638817286,0.7593,0.78431,0.74803,0.8552,0.67473,35518.4152916749,-0.00454754236383792,69272,0.225
"113","2016","ITA","IT","Italy","Southern","EU",0.67529034614563,0.557045459747314,0.650660872459412,0.326126515865326,0.613966226577759,0.60806280374527,0.00056907517137005,0.138165503740311,0.403447061777115,0.457818359136581,0.356288909912109,0.253188967704773,0.253188967704773,0.194582849740982,0.253473490476608,0.253103971481323,9.71083379097468,19.8021904821667,64.940974470073,0.77636,0.91525,0.86957,0.81261,0.64691,30939.7142462298,1.29346273155907,69855,0.23
"114","2018","ITA","IT","Italy","Southern","EU",0.669766128063202,0.561464309692383,0.703566312789917,0.224763229489326,0.605169832706451,0.620564818382263,0.00081883743405342,0.138904392719269,0.393150568008423,0.467126190662384,0.351682782173157,0.238298997282982,0.238298997282982,0.185809031128883,0.232916966080666,0.239999800920486,9.69606299841101,19.9870955458478,65.6350265090148,0.8209,0.9551,0.9514,0.8341,0.6771,34615.7568910987,0.944089468582305,70438,0.214
"115","2008","LTU","LT","Lithuania","Eastern","EU",0.964497327804565,0.72356915473938,0.795719981193542,0.528673529624939,0.769646167755127,0.716025710105896,0,0.0216950010508299,0.176434084773064,0.801870942115784,0.290239840745926,0.244056612253189,0.242768973112106,0.216077342629433,0.242391228675842,0.243137553334236,10.6303785835868,28.7021491335065,68.4289356153015,0.6617,0.47727,0.60869,0.96879,0.40925,14944.996652175,2.61442303328732,66848,0.16
"116","2010","LTU","LT","Lithuania","Eastern","EU",0.92668229341507,0.746856689453125,0.772896468639374,0.534607648849487,0.863400399684906,0.733531296253204,0,0.0265870988368988,0.134858950972557,0.838553965091705,0.340354204177856,0.289619952440262,0.289473235607147,0.259510695934296,0.308019727468491,0.270675808191299,10.9141226354517,26.4845861814754,70.2449228096669,0.62952,0.52857,0.48253,0.96916,0.44132,11990.6630177633,1.65124065328366,66757,0.159
"117","2012","LTU","LT","Lithuania","Eastern","EU",0.962973833084106,0.724931120872498,0.812262713909149,0.520662069320679,0.60714590549469,0.720277428627014,0.00047601896221749,0.0167997982352972,0.160213559865952,0.822510600090027,0.334631770849228,0.284895926713943,0.284549325704575,0.257309257984161,0.303271949291229,0.27264803647995,9.71551688189475,27.5885029408501,71.8153533447284,0.73329,0.5263,0.69934,0.92401,0.57652,14373.060522928,3.8438647490634,66864,0.159
"118","2014","LTU","LT","Lithuania","Eastern","EU",0.87903618812561,0.702834367752075,0.842348754405975,0.614380478858948,0.683874726295471,0.738335132598877,0,0.0233524348586798,0.151049703359604,0.825597882270813,0.308752655982971,0.260344117879868,0.260075092315674,0.23224800825119,0.261486172676086,0.25912207365036,9.46778895324353,27.8240324032403,73.7130014334558,0.72709,0.64705,0.7559,0.8557,0.56968,16564.9565494076,3.53700987901611,67108,0.162
"119","2016","LTU","LT","Lithuania","Eastern","EU",0.912855565547943,0.811314046382904,0.850460112094879,0.586709260940552,0.749977707862854,0.77644544839859,0,0.0225391872227192,0.157099634408951,0.820361196994781,0.286445647478104,0.255622833967209,0.254531472921371,0.225223138928413,0.249349102377892,0.259138256311417,9.7872811420511,29.3622969049237,75.465817814617,0.77467,0.83051,0.82609,0.87174,0.62619,14998.1250595137,2.51882827307178,67366,0.147
"120","2018","LTU","LT","Lithuania","Eastern","EU",0.863071262836456,0.7376868724823,0.847245693206787,0.586709260940552,0.773871719837189,0.768717467784882,0.00016526530089322,0.0226904451847076,0.153633058071136,0.823511242866516,0.269810378551483,0.251109004020691,0.250680655241013,0.223033666610718,0.255565255880356,0.2460608035326,9.41726373032001,28.4371482762343,77.3115172033052,0.7534,0.8034,0.7986,0.8323,0.6293,19176.1765182085,3.9368459012309,67679,0.178
"121","2008","LUX","LU","Luxembourg","Continental","EU",0.677160501480103,0.527532815933228,0.561779320240021,0.377487570047379,0.579846084117889,0.559946060180664,0.0102549875155091,0.192232444882393,0.395467013120651,0.402045577764511,0.327775329351425,0.285256415605545,0.285111159086227,0.266543537378311,0.349006444215775,0.268255978822708,8.27567757536338,20.8478137346882,66.7992249323273,0.7512,0.61363,0.60869,0.91567,0.73362,114293.84332087,-1.27958624140669,87.8,0.071
"122","2010","LUX","LU","Luxembourg","Continental","EU",0.769823431968689,0.593281865119934,0.597321689128876,0.344536989927292,0.588676869869232,0.594321072101593,0.00292746000923216,0.217468112707138,0.390478879213333,0.389125555753708,0.300951957702637,0.27008643746376,0.270042538642883,0.24880413711071,0.329794406890869,0.253484010696411,8.94897182025895,20.2805604440233,68.2120799603931,0.66721,0.17142,0.38095,0.9156,0.71375,104965.306078267,4.86496897912487,88547,0.071
"123","2012","LUX","LU","Luxembourg","Continental","EU",0.758849799633026,0.617577314376831,0.588727355003357,0.292772233486176,0.571130096912384,0.594901204109192,0.00409204419702291,0.209155708551407,0.417081296443939,0.369670957326889,0.297775119543076,0.289054602384567,0.28893381357193,0.269353181123734,0.347206085920334,0.240161672234535,9.06057308668843,20.5593535079191,69.4353301743001,0.80135,0.3947,0.69934,0.84035,0.86437,106749.013622989,-0.352520089272659,89249,0.071
"124","2014","LUX","LU","Luxembourg","Continental","EU",0.719469845294952,0.567436873912811,0.62569934129715,0.344536989927292,0.585662662982941,0.596334218978882,0.00781976617872715,0.190523967146873,0.392163187265396,0.409493088722229,0.346925467252731,0.322409361600876,0.322409361600876,0.298802822828293,0.381442874670029,0.266441881656647,8.7071796148072,20.7481838225096,70.8041778439675,0.75911,0.54901,0.62204,0.783,0.87225,118823.648368575,4.29678630500703,89884,0.071
"125","2016","LUX","LU","Luxembourg","Continental","EU",0.607174336910248,0.523326337337494,0.621222376823425,0.292772233486176,0.450239390134811,0.500118911266327,0.0173452850431204,0.21592715382576,0.467196315526962,0.299531251192093,0.254650920629501,0.330506145954132,0.330736547708511,0.310659468173981,0.401217579841614,0.268130570650101,8.69089674295395,20.7237313005511,69.9659702008107,0.77046,0.69492,0.71739,0.77502,0.81898,104278.390971905,4.57460105103911,90.46,0.071
"126","2018","LUX","LU","Luxembourg","Continental","EU",0.5943763256073,0.531598567962646,0.607478082180023,0.344536989927292,0.461674690246582,0.503118813037872,0.00445638224482536,0.20246410369873,0.462298095226288,0.330781400203705,0.2701036632061,0.332317054271698,0.331788301467896,0.312051355838776,0.395723670721054,0.286299526691437,9.25683387779098,21.1664687668804,71.0795319224836,0.8334,0.9382,0.9236,0.7803,0.7964,116654.26106674,3.11083626560442,90981,0.073
"127","2008","LVA","LV","Latvia","Eastern","EU",1,0.849093854427338,0.767829954624176,0.585075795650482,0.734265685081482,0.728676497936249,0,0.0722380131483078,0.391645848751068,0.536116123199463,0.348700642585754,0.227477923035622,0.227477923035622,0.206601187586784,0.245363250374794,0.213176608085632,11.3882930372936,31.1020941209024,74.1593263956621,0.5944,0.22727,0.44816,0.9654,0.37406,16422.1119788425,-3.32730003999858,67834,0.192
"128","2010","LVA","LV","Latvia","Eastern","EU",0.946635067462921,0.76225221157074,0.788451969623566,0.577227652072906,0.767148673534393,0.736405193805695,0,0.0541764460504055,0.350580304861069,0.595243215560913,0.367021530866623,0.26371443271637,0.262985795736313,0.238373935222626,0.287732541561127,0.240674585103989,10.3405742104893,24.0344085500246,72.953366650237,0.58261,0.27142,0.41587,0.9608,0.37621,11383.5224134721,-4.4068236355224,67841,0.146
"129","2012","LVA","LV","Latvia","Eastern","EU",0.923936307430267,0.825748205184937,0.841777086257935,0.655946731567383,0.719109058380127,0.752338111400604,0,0.0485460944473743,0.305465668439865,0.64598822593689,0.3628049492836,0.262069046497345,0.261436253786087,0.237634718418121,0.302016794681549,0.231800183653831,9.16200020707667,24.6437601913535,74.4092255235841,0.6604,0.2105,0.58823,0.88787,0.50509,13926.3473076523,4.25172304811186,67897,0.144
"130","2014","LVA","LV","Latvia","Eastern","EU",0.947830438613892,0.751924932003021,0.837312996387482,0.732896387577057,0.733545958995819,0.760213196277618,0.00169155513867736,0.0376188680529594,0.314612865447998,0.646076679229736,0.345391720533371,0.255822479724884,0.255033195018768,0.23105400800705,0.280889093875885,0.236214011907578,9.60320201011391,25.3986902771237,74.5587236640626,0.71775,0.70588,0.70078,0.8288,0.62367,15713.536972819,1.07363408715679,67952,0.106
"131","2016","LVA","LV","Latvia","Eastern","EU",0.951801598072052,0.773420631885529,0.785362005233765,0.701872706413269,0.720143556594849,0.751643180847168,0.00179764640051872,0.0346144884824753,0.290801674127579,0.672786176204681,0.358695715665817,0.263333141803741,0.260927349328995,0.232353076338768,0.301291674375534,0.240330070257187,10.1640358863748,27.7655743527833,76.2989251391834,0.681,0.52542,0.6087,0.8512,0.58311,14315.7928949778,2.37292412754951,68021,0.144
"132","2018","LVA","LV","Latvia","Eastern","EU",0.908770203590393,0.791689574718475,0.808347165584564,0.704184770584106,0.760225117206573,0.769116878509521,0,0.0377868339419365,0.277351200580597,0.684861958026886,0.320714294910431,0.254148095846176,0.252555102109909,0.226847797632217,0.285251170396805,0.235579296946526,10.4208966441667,27.72231700806,77.6972593277386,0.6996,0.6854,0.6667,0.8132,0.6188,17858.2799784486,4.02431104454983,68142,0.173
"133","2008","NOR",NA,NA,NA,NA,NA,NA,NA,NA,NA,NA,NA,NA,NA,NA,NA,NA,NA,NA,NA,NA,NA,NA,NA,NA,NA,NA,NA,NA,NA,NA,NA,0.01
"134","2010","NOR",NA,NA,NA,NA,NA,NA,NA,NA,NA,NA,NA,NA,NA,NA,NA,NA,NA,NA,NA,NA,NA,NA,NA,NA,NA,NA,NA,NA,NA,NA,NA,0.011
"135","2012","NOR",NA,NA,NA,NA,NA,NA,NA,NA,NA,NA,NA,NA,NA,NA,NA,NA,NA,NA,NA,NA,NA,NA,NA,NA,NA,NA,NA,NA,NA,NA,NA,0.011
"136","2014","NOR",NA,NA,NA,NA,NA,NA,NA,NA,NA,NA,NA,NA,NA,NA,NA,NA,NA,NA,NA,NA,NA,NA,NA,NA,NA,NA,NA,NA,NA,NA,NA,0.011
"137","2016","NOR",NA,NA,NA,NA,NA,NA,NA,NA,NA,NA,NA,NA,NA,NA,NA,NA,NA,NA,NA,NA,NA,NA,NA,NA,NA,NA,NA,NA,NA,NA,NA,0.01
"138","2018","NOR",NA,NA,NA,NA,NA,NA,NA,NA,NA,NA,NA,NA,NA,NA,NA,NA,NA,NA,NA,NA,NA,NA,NA,NA,NA,NA,NA,NA,NA,NA,NA,0.013
"139","2008","POL","PL","Poland","Eastern","EU",0.883067429065704,0.735642492771149,0.799424350261688,0.443561673164368,0.623471319675446,0.711739182472229,0.00049497024156153,0.0287487637251616,0.370627999305725,0.598872065544128,0.392525404691696,0.235509306192398,0.235509306192398,0.189250469207764,0.220488145947456,0.24579456448555,10.8190134714368,24.424808401123,63.8257208014955,0.6134,0.22727,0.53846,0.95595,0.34814,13996.0251506835,4.19996229248767,61116,0.102
"140","2010","POL","PL","Poland","Eastern","EU",0.896362602710724,0.764503121376038,0.803022444248199,0.362320780754089,0.669843435287476,0.72882753610611,0.00055198697373271,0.0258078575134277,0.348643988370895,0.62499612569809,0.379383653402328,0.244708314538002,0.244671836495399,0.191227421164513,0.236277043819427,0.250488132238388,10.996419630364,24.0057094954347,65.3151253187628,0.55822,0.24285,0.3873,0.95516,0.33737,12613.0109954681,3.74051777907684,60892,0.106
"141","2012","POL","PL","Poland","Eastern","EU",0.882975220680237,0.883550643920898,0.780135154724121,0.474956780672073,0.66687798500061,0.725648462772369,0,0.020757993683219,0.304075658321381,0.675166368484497,0.379602402448654,0.238245889544487,0.238186717033386,0.189683154225349,0.207404360175133,0.255406439304352,10.3105709450353,24.0567075203361,66.4883101923915,0.64414,0.1842,0.53594,0.90435,0.49211,13097.2708482174,1.32489082785044,60654,0.107
"142","2014","POL","PL","Poland","Eastern","EU",0.804810583591461,0.894359469413757,0.772659957408905,0.618231296539307,0.650643706321716,0.713933229446411,0,0.0244551729410887,0.285487562417984,0.690057277679443,0.379998058080673,0.245741844177246,0.245741844177246,0.196339055895805,0.222843125462532,0.258109092712402,10.5417075963567,24.8657126177354,67.8571569445144,0.64822,0.49019,0.5433,0.8396,0.56182,14271.3058536202,3.37857807264132,60403,0.119
"143","2016","POL","PL","Poland","Eastern","EU",0.824302434921265,0.890540421009064,0.780554354190826,0.574606359004974,0.653381705284119,0.724973022937775,0,0.0223709307610989,0.284995466470718,0.69263356924057,0.37624055147171,0.249643057584763,0.249499350786209,0.198986306786537,0.220845565199852,0.265788912773132,10.3880390622465,25.2709331918159,68.8090408076283,0.72108,0.88136,0.7029,0.87465,0.58568,12447.4395912808,3.14173122907013,60178,0.073
"144","2018","POL","PL","Poland","Eastern","EU",0.850736260414124,0.764503121376038,0.780554354190826,0.533918678760529,0.650643706321716,0.696184873580933,0,0.0258078575134277,0.370627999305725,0.595238029956818,0.389258772134781,NA,0.235684394836426,0.262642443180084,0.222843125462532,0.269958138465881,10.9347342608683,25.7767365679311,70.1303104991396,0.7926,0.8933,0.9306,0.8668,0.5805,15468.4822194105,5.353704746044,60058,0.096
"145","2008","PRT","PT","Portugal","Southern","EU",0.829332113265991,0.744174540042877,0.663710832595825,0.241743564605713,0.757164537906647,0.676867127418518,0.00397476181387901,0.421851098537445,0.170005470514297,0.404168665409088,0.523541688919067,0.235577180981636,0.235577180981636,0.191317334771156,0.267468929290771,0.226331055164337,13.1328666324524,28.9682055228153,73.9412205374488,0.6479,0.25,0.59866,0.9249,0.42153,24847.545135091,0.319247925063081,59359,0.118
"146","2010","PRT","PT","Portugal","Southern","EU",0.804335057735443,0.701495826244354,0.68338805437088,0.329140841960907,0.756632208824158,0.666384637355804,0.0109585020691156,0.387306898832321,0.205440282821655,0.396294295787811,0.48671481013298,0.253982692956924,0.252450942993164,0.214752554893494,0.309263110160828,0.236932143568993,13.6778343553986,26.3956086150256,73.6743776337585,0.57869,0.27142,0.3873,0.93566,0.4189,22498.6908586557,1.73762547590566,60567,0.118
"147","2012","PRT","PT","Portugal","Southern","EU",0.856615662574768,0.753844857215881,0.704933643341064,0.415868759155273,0.62969309091568,0.675036072731018,0.00514003541320562,0.341190963983536,0.239476591348648,0.414192408323288,0.497958689928055,0.280175298452377,0.279727846384048,0.243481516838074,0.285011500120163,0.277977764606476,11.6914165794229,24.0925566517292,73.4072175068982,0.7165,0.3684,0.65359,0.8931,0.60281,20564.8898617969,-4.05729360769561,61763,0.113
"148","2014","PRT","PT","Portugal","Southern","EU",0.829308211803436,0.769085645675659,0.72880220413208,0.485269725322723,0.681882083415985,0.68582010269165,0.00328403478488326,0.308005332946777,0.249506801366806,0.439203828573227,0.453452050685883,0.280285894870758,0.279256075620651,0.243655368685722,0.283649802207947,0.277863085269928,11.8529620271887,22.9174858797455,73.2367831025341,0.68996,0.64705,0.63779,0.8227,0.60943,22074.3007634216,0.792190301875365,62936,0.114
"149","2016","PRT","PT","Portugal","Southern","EU",0.83387690782547,0.755276918411255,0.736290872097015,0.371720194816589,0.615862667560577,0.675499796867371,0.00319124548695982,0.283776938915253,0.260605871677399,0.452425926923752,0.410736352205276,0.275142997503281,0.274296522140503,0.240189477801323,0.287474095821381,0.270203411579132,11.2061117415021,25.0073132251364,73.7271054107329,0.71437,0.66102,0.74638,0.81294,0.58379,19978.401214968,2.01948539561312,64086,0.138
"150","2018","PRT","PT","Portugal","Southern","EU",0.831048488616943,0.700922429561615,0.739785254001617,0.480030119419098,0.604692995548248,0.688307762145996,0.00362180243246257,0.266394108533859,0.260606676340103,0.469377398490906,0.413067936897278,0.276471793651581,0.275628417730331,0.244371309876442,0.298596292734146,0.268546670675278,11.0464361259404,25.2661315670958,75.1392888362447,0.8031,0.8989,0.9306,0.817,0.6617,23562.5545228191,2.84932594937632,65211,0.13
"151","2008","ROU","RO","Romania","Eastern","EU",0.698941826820374,0.617553412914276,0.661075353622437,0.0880036726593971,0.709435403347015,0.599263489246368,0,0.0971629023551941,0.418209224939346,0.48462787270546,0.297341167926788,0.163887098431587,0.163887098431587,0.118494354188442,0.155777335166931,0.170563578605652,10.0596636,28.5207412095791,62.8718846699583,0.5383,0.04545,0.41471,0.90474,0.2992,10435.0439841037,9.30746717077338,53567,NA
"152","2010","ROU","RO","Romania","Eastern","EU",0.698472499847412,0.713678777217865,0.657502353191376,0.0860608071088791,0.751296639442444,0.617525339126587,0,0.076001912355423,0.377980262041092,0.546017825603485,0.332613199949265,0.182328671216965,0.181586518883705,0.128221988677979,0.174606963992119,0.187570884823799,9.5609806,24.9711223351011,64.9278209454736,0.54791,0.18571,0.41587,0.9226,0.30927,8214.07689289811,-3.90123628018621,53829,NA
"153","2012","ROU","RO","Romania","Eastern","EU",0.753978312015533,0.923140406608582,0.745747864246368,0.131340593099594,0.589709520339966,0.643503069877625,0,0.0635109171271324,0.350658714771271,0.585830390453339,0.318447262048721,0.186160266399384,0.185436993837357,0.130808115005493,0.165133103728294,0.192836150527,7.7867562,22.2359672038458,64.7862679559758,0.60595,0.0789,0.51633,0.87829,0.42322,8507.10477456436,2.04066513079732,53974,NA
"154","2014","ROU","RO","Romania","Eastern","EU",0.681835889816284,0.840804219245911,0.722282767295837,0.213884025812149,0.611212909221649,0.645586609840393,0,0.041897926479578,0.359524518251419,0.598577558994293,0.31303071975708,0.179775014519691,0.179602190852165,0.12792494893074,0.154721453785896,0.191950932145119,7.7239384,22.8696371417908,65.66804005661,0.56315,0.47058,0.44094,0.81,0.43854,10043.6774497614,3.60872365319838,53.9,NA
"155","2016","ROU","RO","Romania","Eastern","EU",0.697010695934296,0.71887618303299,0.69451779127121,0.116430930793285,0.619606196880341,0.598669171333313,0.00121342681813985,0.117709778249264,0.246256992220879,0.634819805622101,0.303966790437698,0.173566296696663,0.173275798559189,0.125117763876915,0.144002258777618,0.184875890612602,8.8965868,28.4717578427719,65.5654462704045,0.56114,0.62712,0.45652,0.77361,0.45329,9548.58740298268,4.70299774749441,53.9,NA
"156","2018","ROU","RO","Romania","Eastern","EU",0.755289554595947,0.768384218215942,0.724404811859131,0.152140751481056,0.663836658000946,0.605288505554199,0.0016385989729315,0.0492199435830116,0.301820695400238,0.647320747375488,0.328833043575287,0.177159309387207,0.177017718553543,0.134875044226646,0.147016152739525,0.191352471709251,10.3668696,32.1717418002517,67.7553239624988,0.6671,0.7079,0.6597,0.7944,0.5471,12399.889335731,4.47452377497343,53998,NA
"157","2008","SVK","SK","Slovak Republic","Eastern","EU",0.858977138996124,0.723156869411469,0.755347013473511,0.481224060058594,0.836283504962921,0.729333639144897,0,0.0200643576681614,0.57175201177597,0.408183664083481,0.451219797134399,0.273898750543594,0.274383395910263,0.247315406799316,0.263076543807983,0.281157076358795,7.48120937458024,20.254325389453,68.8810101706726,0.5889,0.06818,0.47491,0.9211,0.37415,18677.2927109318,5.57488636153474,55111,0.372
"158","2010","SVK","SK","Slovak Republic","Eastern","EU",0.896503150463104,0.799675405025482,0.73991858959198,0.456780105829239,0.809318661689758,0.732107400894165,0,0.0276940390467644,0.509523928165436,0.462782055139542,0.458539307117462,0.28985071182251,0.289685368537903,0.257506996393204,0.286617279052734,0.29150927066803,8.45862213882789,20.0702939565456,68.6501423256063,0.56387,0.07142,0.34603,0.931,0.42118,16750.7974416083,5.87125610880706,54685,0.351
"159","2012","SVK","SK","Slovak Republic","Eastern","EU",0.861217856407166,0.870097041130066,0.774312615394592,0.497035264968872,0.832308053970337,0.742256820201874,0,0.0221219584345818,0.493832468986511,0.484045565128326,0.424466013908386,0.289192914962769,0.289253175258636,0.243469506502151,0.273112267255783,0.300580531358719,8.24073118900741,20.2823338242015,69.4209260951788,0.62918,0.1316,0.50326,0.86957,0.5147,17481.8954435252,1.89674227140716,54.28,0.363
"160","2014","SVK","SK","Slovak Republic","Eastern","EU",0.849594414234161,0.86701762676239,0.769626796245575,0.358776718378067,0.834951460361481,0.725432515144348,0,0.0172079931944609,0.467039406299591,0.515752613544464,0.433020234107971,0.287358433008194,0.287261754274368,0.243532180786133,0.273775070905685,0.295366287231445,8.79733676095248,20.9286038113402,70.2583363357002,0.61478,0.62745,0.48818,0.8265,0.52963,18674.3440568625,2.64158974610042,54,0.335
"161","2016","SVK","SK","Slovak Republic","Eastern","EU",0.835762858390808,0.818014025688171,0.763479113578796,0.437586426734924,0.764277517795563,0.710751175880432,0,0.0201976634562016,0.48171192407608,0.498090386390686,0.403719544410706,0.258442610502243,0.258646726608276,0.219012841582298,0.234277844429016,0.274387091398239,9.11099894122572,21.980420926323,71.8371619659021,0.59154,0.54237,0.44203,0.78223,0.55036,16508.6703604932,2.13272778393984,53806,0.33
"162","2018","SVK","SK","Slovak Republic","Eastern","EU",0.858977138996124,0.761442720890045,0.78798508644104,0.456780105829239,0.759493768215179,0.715167164802551,NA,0.0276940390467644,0.597178757190704,0.408183664083481,0.543853342533112,0.397327184677124,NA,0.244358733296394,0.377864301204681,0.300580531358719,7.92222964945026,20.0702939565456,72.3618751659152,0.7155,0.809,0.7361,0.8141,0.5964,19406.3475337924,3.76863150894924,53726,0.287
"163","2008","SVN",NA,NA,NA,NA,NA,NA,NA,NA,NA,NA,NA,NA,NA,NA,NA,NA,NA,NA,NA,NA,NA,NA,NA,NA,NA,NA,NA,NA,NA,NA,NA,0.345
"164","2010","SVN",NA,NA,NA,NA,NA,NA,NA,NA,NA,NA,NA,NA,NA,NA,NA,NA,NA,NA,NA,NA,NA,NA,NA,NA,NA,NA,NA,NA,NA,NA,NA,0.349
"165","2012","SVN",NA,NA,NA,NA,NA,NA,NA,NA,NA,NA,NA,NA,NA,NA,NA,NA,NA,NA,NA,NA,NA,NA,NA,NA,NA,NA,NA,NA,NA,NA,NA,0.36
"166","2014","SVN",NA,NA,NA,NA,NA,NA,NA,NA,NA,NA,NA,NA,NA,NA,NA,NA,NA,NA,NA,NA,NA,NA,NA,NA,NA,NA,NA,NA,NA,NA,NA,0.27
"167","2016","SVN",NA,NA,NA,NA,NA,NA,NA,NA,NA,NA,NA,NA,NA,NA,NA,NA,NA,NA,NA,NA,NA,NA,NA,NA,NA,NA,NA,NA,NA,NA,NA,0.239
"168","2018","SVN",NA,NA,NA,NA,NA,NA,NA,NA,NA,NA,NA,NA,NA,NA,NA,NA,NA,NA,NA,NA,NA,NA,NA,NA,NA,NA,NA,NA,NA,NA,NA,0.24
