"","year","country","fpu_em_clerks","fpu_em_elem_ocupation","fpu_em_professional","fpu_em_senior_official","fpu_em_technician","fsppaid_em","pri_ed_sppaid_em","sec_ed_sppaid_em","ter_ed_sppaid_em","tot_em_ter_ed_wpsec","psec_sformal_em","psec_spaid_em","psec_stotal_em","psec_spaid_em_rural","psec_spaid_em_urban","wbill_per_gdp","wbill_per_pub_expenditure","lfpr","egov_index","epar_index","online_ser_index","hum_cap_index","telcom_infra_index","gdp_percap","per_growth_gdp","upop","vdem_corr","icrg_qog","wbgi_gee","cofog_ggtot","time","time_squared"
"Austria-2008","2008","Austria",-1.40542219460604,-0.78107177233548,-1.08412351872763,-1.88358927743821,-0.484722733924987,-0.892203102674594,-0.272625397251224,0.76864291121606,-0.508457566967819,-0.905063815605608,-1.03647955336894,-1.03562193108148,-0.866955997091501,-1.24381932944748,-0.718136086501496,-0.0195148895721823,-0.923203521552533,0.17535729755661,0.0697621857638578,-0.294412960508112,-0.0318782173568121,1.06018879520367,-0.253609947259278,51708.7657541758,1.4604236757386,-0.366392003802129,-0.367856710725272,1.32996577255372,1.22182189407137,0.69177704855642,1,1
"Austria-2010","2010","Austria",-1.11071774269138,-0.704999097596948,-0.504001916028829,-1.29487151687473,-0.175544896152069,-0.484786211337256,-0.00836177828032417,0.831160200784151,-0.767077863457666,-0.774504607963309,-0.730843925713561,-0.723208565367013,-0.497898677353633,-1.2077313841248,-0.251605829266467,0.278195969619148,-0.99597191150934,0.269031903959996,-0.790513946628094,-0.211505932343669,-1.11823990340837,0.943268638573217,-0.438570645403497,46858.0432733717,1.83709367680054,-0.390107447626171,-0.367856710725272,1.32996577255372,1.34564956213972,1.1021033020039,2,4
"Austria-2012","2012","Austria",-0.330012959030069,0.793449871676706,-0.77497900289409,-0.492102047333604,0.0346079940539007,-0.202732473639188,-0.0541725558661762,0.691109585557734,-0.591617635179254,-0.692540923251035,-0.517727677630743,-0.501768404212748,-0.340971870066641,-1.1254787537783,0.136788542349108,0.0340597945277296,-1.05348394665003,0.389948913792821,0.542586586030037,-0.691513187356462,0.424444176541269,0.0404741871481274,0.467751385352949,48567.69528642,0.680445576816723,-0.4006476448813,-0.376137109391007,1.13105139572557,0.805220439669923,0.875716403550117,3,9
"Austria-2014","2014","Austria",-0.10498967822418,0.661394769493532,-0.582596666508308,-0.392305239157293,-0.0248393383635115,-0.169778538101862,-0.146414278852232,0.802280209749641,-0.621000912981254,-0.736644841739435,-0.342695645870192,-0.324371990838746,-0.167148218186972,-0.754773807525441,0.0941099706768485,-0.0371224300138549,-1.29048755167069,0.437025897248985,0.626350617085698,0.253364315767125,0.441311008802525,-0.726002395207061,0.920875876106735,51717.4959405515,0.661272848852605,-0.384795522819022,-0.682511860023198,1.13105139572557,0.798539928542647,1.04550657739045,4,16
"Austria-2016","2016","Austria",-0.273850563791487,0.169267845994682,-0.688117677289515,0.34983499568257,0.0671823581720208,-0.303320404279255,-0.440560268692115,0.666090334585895,-0.305870463854758,-0.653057527967349,-0.374454541710863,-0.373269770898145,-0.177029478886402,-0.860085038486182,0.0813867389122326,-0.0120630981716005,-0.965164949153625,0.581241192476787,0.966117749913666,1.17949381516149,1.38797631201,-1.19599651036844,0.556287074985963,45276.8314351693,1.98943716230463,-0.368943400756743,-0.682511860023198,1.13105139572557,0.6752047418684,0.720075410863143,5,25
"Austria-2018","2018","Austria",-0.0335423371664932,0.41788581763202,-0.403927006711433,-0.168950175099421,-0.833449594700244,-0.355681914801865,-0.384246187378841,0.417491514869875,-0.115089200845468,-0.76921644749272,-0.361817586275207,-0.359871718486469,-0.15821724071818,-0.615326423948539,-0.132203141505125,-0.140312999749285,-0.859685098057456,0.684666286480519,1.0728623107514,0.976840296251832,1.13015473315936,-1.00184142530935,1.00765838376682,51478.2852619277,2.58012073304926,-0.352547538359875,-0.607988272031584,1.13105139572557,0.556174651524531,0.521986874716086,6,36
"Belgium-2008","2008","Belgium",-0.832501312668576,0.601425985236524,-0.725568009613446,-1.44471253355032,-0.237249791510553,-0.525116474371332,0.239284149369839,-0.416609360919092,0.160638652802568,1.54448236575368,2.07163343319198,2.11481945983999,2.13461265900377,2.02613031780988,2.16285287516814,0.658641371443503,-0.164403206078918,-1.01740251326794,-0.675956005664454,-0.543097570286017,-0.760995806500728,1.25114058830028,-0.813897686108472,48106.892915788,0.446928735275904,1.28946461974284,-0.848119833337896,0.335392098180516,0.426932736912175,0.819119678936671,1,1
"Belgium-2010","2010","Belgium",-0.673556193661467,0.159845735771605,-0.749811146613365,-0.408439138309824,-0.292917485406588,-0.490902812431548,0.448226934841891,-0.60016912828057,0.233116444611945,1.27624726106885,1.81224055133641,1.84368020759112,2.00671666743332,2.01532801528069,1.88015218365374,0.925288283143761,-0.328733528445715,-0.919486353644252,-0.163949802119838,0.101118853576897,-0.262276851238468,1.21608233737761,-0.466548507721521,44141.8781415734,2.86429270764155,1.29347993298289,-0.848119833337896,0.932136589241633,0.803499701955322,1.25774429469087,2,4
"Belgium-2012","2012","Belgium",-0.390516717596996,0.0134623571732672,-0.465015974743774,-1.12688873416631,-1.36636828437455,-0.409667213562873,-0.0490515102518584,-0.570402448605106,0.533907360125241,1.06553359096925,1.83638442864965,1.86898382939171,2.07049482536455,1.77783963942237,1.83043007347597,1.07116503911483,-0.531161668597661,-1.04756417306379,0.403094770252845,-1.55523444865608,-0.138013046211658,0.349057979533521,0.791286508607587,44673.1158755901,0.739217283058679,1.29736976768419,-0.848119833337896,0.932136589241633,0.859293595924927,1.62562300467826,3,9
"Belgium-2014","2014","Belgium",-1.02790958693347,-0.306896616747693,-0.340582937427803,-0.203716625684996,-0.620145484867557,-0.321393991492571,0.00693600835565034,-0.521575300580132,0.444206798890186,1.17705143502333,2.17404810085363,2.19354183877513,2.31360423415482,2.15108627322329,2.13027301510104,1.16455082150017,-0.345249814580149,-0.909257184340657,0.225799982984143,0.253364315767125,0.0347285590218241,-0.241949387543697,0.475859851977754,47700.5403601178,1.57853314322614,1.30109229766715,-0.8729610293351,0.915560397140063,0.410344467618591,1.49828037429801,4,16
"Belgium-2016","2016","Belgium",-0.972640453064686,0.347124500086185,-0.298134489405634,-0.900788615957053,-1.04416946110161,-0.320443083712146,-0.245848856175873,-0.44816196661662,0.555264101928149,1.36898531583661,2.35971378749755,2.39441765475348,2.47782598164649,2.63254952009693,2.24439937232628,0.939007772802354,-0.267972069519761,-0.926597280202225,0.582227999904114,0.313985292805975,0.223935405272248,1.14685563885516,0.344590351754547,41984.1030335609,1.26668640902095,1.30468934911136,-0.8729610293351,0.733221711148395,0.297781676275537,1.14455084546398,5,25
"Belgium-2018","2018","Belgium",-1.36780627989696,0.622261061337903,-0.361575981618681,0.246126856121886,-0.502495490950925,-0.148190214606785,-0.132630281736994,-0.514706333803346,0.531139824767827,1.23041383820795,2.23769232074161,2.26005856888017,2.2838354325251,2.35000163150526,2.15407607506099,0.867983988697174,-0.204466862413107,-0.755872411982112,0.818927456659481,0.731000714277195,0.492198356475092,1.19597278227983,0.433491287631922,47583.0749405066,1.81229599862863,1.30811909583724,-0.864680630669366,0.733221711148395,-0.0161732815643289,1.00305903393037,6,36
"Czech Republic-2008","2008","Czech Republic",0.187162759878252,0.581157144202242,-1.12686024279503,0.390043928094381,1.21282528708242,0.1309872534621,-0.911553970683853,2.45007770980133,-1.63161387616292,0.181269207392315,-1.64445976515695,-1.64588491688497,-1.52703014265938,-1.73300547645556,-1.34420462085484,-1.35292896683452,-1.23530819652216,-0.566449670853918,-0.771325204260062,-1.28918787433516,-0.14702016411988,0.522925548830252,-1.50289820147035,22804.5776774507,2.68641195092762,0.278902294817482,1.02325026511819,-0.659181504583389,-0.337529281502208,-0.624096798706175,1,1
"Czech Republic-2010","2010","Czech Republic",0.022990365791862,0.896755510991201,-1.23000397438887,-0.666209807983098,1.23932290740687,0.227172933892022,-0.9050259417048,2.33793522573196,-1.53332048134285,-0.33424142684169,-1.52261555856698,-1.52329158316644,-1.45660033909345,-1.44124547067708,-1.37139466301903,-1.00146543019322,-1.2132212069485,-0.479002282856609,-1.5018762460322,-1.56628628743031,-1.24577380856746,0.642515115429435,-1.51838464223124,19960.0684872157,2.43490215904518,0.273088455855327,0.92388548112937,-0.659181504583389,-0.557903811016501,-0.213770545258699,2,4
"Czech Republic-2012","2012","Czech Republic",0.958825816269065,0.922503979620975,-0.128602621258359,0.443162186488028,0.498226010713518,0.284782549736143,-1.03218416728217,2.05256299041622,-1.19001990053591,-0.365573045844658,-1.5253705855952,-1.52536608840202,-1.52658398131279,-1.76158158972288,-1.13266783007275,-1.04212155488744,-1.42294453593661,-0.229479984787522,-1.00641602393068,-1.07522719364328,-0.737932995041459,-0.301744170843289,-0.865981800554297,19870.8012123403,-0.785004299003617,0.270662537439464,0.849361893137756,-0.659181504583389,-0.50972431354829,-0.0722787337250866,3,9
"Czech Republic-2014","2014","Czech Republic",0.312901735495603,1.23866754914327,0.214710990694618,0.756596723486574,0.900049705511742,0.455509438260525,-1.05514497192064,2.16757566505778,-1.2847260930617,-0.624667374269123,-1.53511337780619,-1.53522584146894,-1.49813546680992,-1.42106198777782,-1.41474217782093,-1.07278194743455,-1.1343735049854,0.109485695027077,-1.49119029968354,-1.10550120744728,-1.72705222979087,-0.556939763854049,-0.426152273095236,19890.9199056648,2.26210289708078,0.278484033021644,0.807959899809081,-0.642604954435324,-0.32949815590369,-0.369411537945673,4,16
"Czech Republic-2016","2016","Czech Republic",0.418186156454896,0.62265179966588,0.808959716706618,0.641749980999809,0.383353713479432,0.414058915298462,-1.11250845843982,2.09700048232984,-1.17859191761447,-0.400603450036047,-1.35776946943237,-1.3563369450722,-1.33655193471286,-1.40852261322082,-1.12953544562679,-1.07448513098027,-0.599913093488302,0.370053846995535,-1.04973432256989,0.00486207956635309,-1.10636427661217,-0.785441257177489,-0.281076464835197,18575.2320271915,2.5372845203138,-2.78781117752749,0.749997109148937,-0.46026669809945,-0.290582166385159,-0.779737791393149,5,25
"Czech Republic-2018","2018","Czech Republic",0.201127601078055,0.822540004686027,1.2838781309677,0.180411704807498,0.0173121783768707,0.701982018067923,-1.06070315297926,1.89126415413811,-1.02407420398236,-0.611599869500106,-1.23266061283698,-1.22914217341734,-1.21353709654525,-1.3906569656918,-0.96017535276595,-0.536771398083566,-0.00659911605031319,0.645752000900106,-0.32550292648782,0.218895709689078,-0.105025194000017,-0.562278583791512,-0.26705100905175,23415.8436273041,3.1813140503092,0.295549114291854,0.816240298474816,-0.46026669809945,-0.523370438424183,-0.609947617552813,6,36
"Estonia-2008","2008","Estonia",1.7637854728972,0.456979264771031,1.55055343651545,0.459181390146059,1.3512197963023,1.37767625743107,-0.728531652700414,0.0526438361077277,0.441579373366535,-0.946232496748838,-1.56974753780974,-1.61672873672049,-1.01901411923083,-1.2802751437337,-1.68481348929339,0.246161650501286,1.36596577616815,0.213133397472258,0.267394741889697,0.617454925154488,0.236728954912589,1.18600698506323,-0.276766559151742,18227.1195304476,-5.08894290133486,0.0679728711761355,-0.715633454686138,-1.15646812694209,-0.0363103437349436,-0.79388697254651,1,1
"Estonia-2010","2010","Estonia",0.209613018735948,0.209467181073292,1.3361263674303,0.830454482640724,0.846288560324231,1.19520520500518,-0.771603606878365,-0.25356277882836,0.744559321961968,-0.115493688897256,-0.693894956483674,-0.723383336909676,-0.237875574977254,-0.673404323591416,-0.675103407620308,0.547276561100147,1.63478616065384,0.160152069709634,-0.461892370744432,0.465866007841937,-0.972577022077308,1.0648157724828,-0.0465153267068063,14790.8209234701,2.69032839901406,0.0572235430230865,-0.781876644012017,-1.15646812694209,-0.191067388073827,-0.723141066779704,2,4
"Estonia-2012","2012","Estonia",1.26156283624845,0.0754829047772982,0.963558726001553,0.695223922708939,0.963510280376538,0.784432062016175,-1.05100472085724,-0.361078782689856,1.02879482046334,-0.0430855625526811,-0.804465546855745,-0.81670012892962,-0.36513534855498,-0.521750995624461,-0.937309478802576,-0.235501327689742,0.731769569814674,0.340821515863593,0.712412701119566,0.748508577681917,0.874398480708059,0.0297965472731995,0.223182500129076,17534.421349913,3.12484637290247,0.0522044014730247,-0.773596245346282,-1.02385794564584,-0.457658989506101,-0.850483697159955,3,9
"Estonia-2014","2014","Estonia",1.4294756209821,0.166994130889351,1.25527491860233,1.17227647554272,1.35134572341866,1.29531587050212,-0.87063257034529,-0.373475336016957,0.92323792682245,-0.295551473607177,-0.983162693224622,-0.986315251563799,-0.567808184001778,-0.703493917608695,-1.07390100972844,0.0583420521048825,1.54549254069062,0.404168736042243,0.93337049497421,0.753979784995892,0.576819368670172,-0.318472473314007,1.16668659856143,20367.103161316,2.98732482453686,0.06454312445026,-0.781876644012017,-0.940977128356584,-0.331354666450013,-1.06272141446037,4,16
"Estonia-2016","2016","Estonia",0.961354085158802,-0.0804170425831132,1.048974678637,0.842659116906324,1.16111000127803,1.21550029391887,-0.835259557950758,-0.719482683371612,1.21664402890276,-0.727167132866347,-1.00055536947365,-1.00139111078498,-0.650008020433042,-0.802115151432611,-1.02347800689838,0.443044086256247,1.72245143439653,0.786282339990787,1.11123979548746,0.932195244569791,1.26325354556111,-0.546618045308285,0.725323036876059,18437.2528207173,3.18781708302028,0.0768400212479114,-0.790157042677751,-0.758638513974215,-0.180587473438513,-0.779737791393149,5,25
"Estonia-2018","2018","Estonia",1.06693136016212,-0.236802702977379,0.785619738175255,1.43417618301795,1.14567328351205,1.09266836622848,-0.916936346502663,-1.10026218926237,1.61769402650312,-1.08250523450034,-1.12947075779508,-1.12845035205487,-0.757798782077812,-0.932555224302376,-1.11614959407555,0.186199366717571,1.25093459181824,1.07684234745087,1.28543221123559,1.28432214729726,1.3292292499844,-0.444824545167312,0.932417657428531,23170.7073775514,4.35546476501582,-2.78800734230974,-0.723913853351872,-0.758638513974215,0.0248628373070266,-0.836334516006593,6,36
"Finland-2008","2008","Finland",0.971075934852008,1.17402693845758,-0.648414639360096,-0.484628552521336,0.848539431486169,1.1279796474348,-0.433621093688248,0.614941135639399,-0.263605624629518,0.0898813742592472,0.252663251085034,0.276140391672565,0.274489847620837,0.333911691755649,0.0427158354824536,1.2536277260643,0.925950945623427,0.566274928956414,0.138703775110081,-1.04050326455725,-0.223781461961926,1.53997074691706,-0.0664577716488963,53554.0389224673,0.783995060876521,0.693190603595499,-0.814998238674956,1.7277953855216,1.77060754977978,0.408793425489195,1,1
"Finland-2010","2010","Finland",0.60158126055117,1.90613866426057,-0.513701205114909,-0.238627158015902,1.38296302084735,1.4061626132328,-0.737331958296842,0.00303267285923021,0.492638345510757,0.338014313046763,0.829755963488334,0.84745213446836,0.792392175956272,0.961055328322088,0.740823831883183,2.05227026189994,0.206391704258175,0.305768164422141,-0.459939025712955,-0.524167192979661,-1.10005355705864,1.53997074691706,-0.0706215788346071,46459.9732548543,3.18595865407703,-2.78738455049574,-0.814998238674956,1.7277953855216,2.13341023912805,1.25774429469087,2,4
"Finland-2012","2012","Finland",0.624219152822848,1.87036548076143,-0.624930922080415,0.332349243806271,1.2081489501576,1.32972243087736,-0.715445838740284,0.033593513548141,0.450515158722342,0.0992170856541339,0.510462094830354,0.525624460513242,0.535095251210891,0.795079007841177,-0.142554121215899,2.06351443117064,0.494212446481298,0.438633071882313,1.30749351982638,0.652215328955946,1.21190723646647,0.710140167970641,0.648986571804689,47710.7902169415,-1.39754572817782,0.757686572513793,-0.814998238674956,1.59518563388114,2.11539798112333,1.46998201199129,3,9
"Finland-2014","2014","Finland",0.547257901550116,1.8071205853186,-0.537043461522621,-0.284692638696393,1.4166611377896,1.34289567332886,-0.761236700520981,0.0132100875906928,0.498825224677313,0.347269864557584,0.871526064018948,0.890607457471053,0.814909181295143,0.958929409599074,0.793893708265934,2.00600069751374,0.145119514402732,0.454367378259798,1.24303313378766,0.539435508857196,0.576819368670172,-0.0550906897324723,1.64903078886407,50260.2998588958,-0.364908156882066,0.771656516494799,-0.856400232003631,1.52888057903766,1.66376632312678,1.73881645390515,4,16
"Finland-2016","2016","Finland",0.298105256653398,1.30069532308363,-0.00573394065316308,0.561238514557986,1.23642962544844,1.37912616538962,-0.883795552165102,0.0503754510750533,0.544272070510352,0.375058397361393,0.956178220342615,0.987900466965289,0.885641255803575,0.838242299562513,0.980207349369568,1.50201717101785,-0.0692736365726236,0.552612199595521,1.6655301738311,1.30310662574191,1.55429245733443,0.661912827868887,0.915835477934559,43784.2839622098,2.81145776663433,0.775839134453184,-0.806717840009221,1.52888057903766,1.31952142214302,1.49828037429801,5,25
"Finland-2018","2018","Finland",0.605678891201607,1.45417754477926,0.0782893432208611,0.702649114219366,1.17651691020971,1.43057661569593,-1.07553866223251,0.118960724004448,0.605828618100184,0.115952858609702,0.45933491908929,0.479251964366447,0.455508693663936,0.331086666835688,0.516137205375556,0.87301591973935,-0.310440958102779,0.904117861331962,1.66346192615071,1.61222983898153,1.6877928609805,0.784883647095131,0.692085628639242,50030.8773106501,1.51758861140196,0.780314535668655,-0.641109866694524,1.52888057903766,1.63517455664312,1.14455084546398,6,36
"France-2008","2008","France",-0.438210090481303,0.476546118848841,-0.739965042354042,-1.5955239894012,0.390389815062933,-0.225474565241185,0.714690614671371,0.634594331716384,-1.08596393959149,0.693458470787799,0.887779908870731,0.948881565915211,1.18569284890203,-0.142264156242129,1.1967831789209,0.969065930738213,-0.272355235795349,-0.588140117392494,0.770668344117123,1.3635087544882,0.90830425576385,1.33531598264763,-0.251637617539731,45334.1144358246,0.254945960124005,0.466032622275619,-0.475501893379826,0.335392098180516,0.819520286340226,1.1728492077707,1,1
"France-2010","2010","France",-1.95948102209742e-05,0.692233675891468,-0.703343603478696,-1.37613903931885,0.353904410215058,0.217409375053168,0.908469986339367,0.659400788094174,-1.22668522828655,0.276086777860366,1.26330361542238,1.31202781288699,1.57378919425996,0.671371197904058,1.4488915369206,1.33624068419005,-0.38762296717465,-0.511632944380905,0.164327065817093,0.153241221921371,0.0655363444786092,1.25345407693985,-0.279542430608883,40638.33400426,1.94943762312663,0.486987538247127,-0.483782292045561,0.25251128089126,0.509342374206768,1.68221972929171,2,4
"France-2012","2012","France",0.0743483717135804,0.393168650427997,0.333185258344479,0.19974992176128,-0.642336032806465,0.189419178129675,0.246696407140072,0.849069388971143,-0.942932791389716,-0.358684922560628,0.739991200560917,0.725410757289833,0.909791255097171,0.0980179365392619,1.03303322254595,1.24128250827773,-0.519882166865394,-0.428831827169453,1.45652225546313,0.0762795723714477,1.17438714021184,0.31364380728168,1.14382218366446,40874.7035053457,0.313134751077172,0.508277063655306,-0.475501893379826,0.136477721352369,0.326370800473554,1.71051809159843,3,9
"France-2014","2014","France",0.113874621972386,0.642076707851758,0.0883294947904126,-0.0242735741677128,-0.364914337067126,0.26761911711266,0.198215781688993,0.862671956327492,-0.949883606069346,0.239732932260444,1.86479297701496,1.85300179620972,1.88132106649104,1.11404122762319,2.08476025452721,1.29871612949826,-0.473414730988302,-0.33055080134074,1.80525179490611,1.46917600507878,1.88686737780553,-0.45550218504224,1.21723667878094,43011.2631028417,0.956183052371557,0.529859372320572,-0.508623488042765,-0.0458608930299996,0.454198482506392,1.72466727275179,4,16
"France-2016","2016","France",0.437513392650042,0.713875004659026,-0.581563344617674,0.0427587739794858,-0.0543865849406092,0.29127860831615,0.270966570032209,0.580789872747538,-0.728158085489956,0.489585591479513,2.22831968946545,2.23736003233808,2.23416392587102,1.52096743908553,2.40427611469975,1.17559545782934,-0.516668024506116,-0.25854495430114,1.25084651391357,1.24131845780941,1.55429245733443,-1.10826190272945,0.851406040429345,37037.3741861219,1.09546440372048,0.551734464242925,-0.508623488042765,0.136477721352369,0.45843000134413,1.63977218583162,5,25
"France-2018","2018","France",0.52858704285519,0.364778955874504,-0.533418050870758,0.317855072789133,-0.109231798347195,0.255539871421848,0.108003022549869,0.693232725597723,-0.874490602161395,-0.381813073218474,1.27843850547642,1.27421120814735,1.50329839733776,0.443445327897829,1.62452738132174,1.10155153091773,-0.540002090925826,-0.168710938586861,1.63473626392312,1.48931004799421,1.76753740806603,-0.836338007247975,1.19977790830051,41631.0907389044,1.79286392711333,0.573776860883613,-0.425819501385417,-0.0624370851315703,0.611425860672734,1.55487709891146,6,36
"Greece-2008","2008","Greece",-2.27521283924701,-0.543988065793186,-1.23476172695798,-1.870426031349,-0.191130049746031,-2.24050973456586,0.115582610749226,-0.567392619924163,0.422620608927468,0.0263754933235287,0.378319202935336,0.401177229412032,-1.00588740541279,0.269841441506786,0.418607959531475,0.519780016734562,-0.420831987459261,-1.09605321077569,-1.8950731106035,-1.70368654044195,-1.47095175627301,1.12105134249076,-2.17721581780893,31997.2820241039,-0.335172452094639,0.369832409232768,2.19906687565254,-1.05701075950477,-1.20816102016024,0.819119678936671,1,1
"Greece-2010","2010","Greece",-1.7724056252208,-0.504052750473288,-1.4781633335083,-1.14332358475502,0.147024408347249,-1.96917408599288,-0.178387385521724,-0.820162293781883,0.828044279003939,0.0216640419090898,1.0177859033972,0.8814936161579,-0.63316644053889,0.0207847607952094,1.35433359667929,0.991731531937091,-0.120343150051111,-0.889142638090396,-1.90713788873908,-1.09733087119175,-1.81035372789748,1.30915576495405,-1.83198506763927,26917.7589549077,-5.47903689372846,0.400114563251475,2.14938448365813,-1.05701075950477,-1.26761844317979,1.05965575854381,2,4
"Greece-2012","2012","Greece",-1.74348035214256,-0.0779141493831724,-0.893926809864779,-2.62894388696323,-1.7952851678398,-2.40502311996499,-0.344460623544788,-0.691464016503231,0.845550685410149,-0.393354105096976,1.23084871275351,1.11830773742875,-0.529729795781782,0.51955402475334,1.34871114631488,1.22163732575943,0.100697287115904,-0.953599153719796,-0.56955615277345,-0.787441688928167,-0.550447254123816,0.469359388791035,-0.588175507093608,22242.681946404,-7.30049406220242,0.429894803115175,2.05001969966931,-1.05701075950477,-1.74778101378902,1.52657873660473,3,9
"Greece-2014","2014","Greece",-2.0511744073691,-0.843205876653061,-1.82057538408992,-2.10848388500543,-1.06475702376708,-2.6087999404312,-0.426076911364727,-0.965396206187189,1.17629386134303,-0.427355650367449,0.89875896040108,0.797798492197689,-0.749021130449444,0.211070591532598,1.01572523428673,0.890010482141539,0.130521728887723,-0.961218217909824,-0.286895636453936,0.897033618898641,-0.371853890758877,-0.581854256895544,0.154954501682512,21760.9797507704,0.739776853966688,0.459089476464701,0.832801095806286,-1.0404345674032,-1.58764586124367,0.748373773169865,4,16
"Greece-2016","2016","Greece",-2.01156222310509,-1.68507767070429,-1.63538397786271,-1.74667973051459,-1.77274482235546,-2.53770554663415,-0.355189451401484,-0.937690590337023,1.09929935809833,-0.477204238762888,0.892308515096426,0.805871618437975,-0.589215167161504,0.16927128487608,1.00040211011968,0.836774298591551,0.283914452565068,-0.82234780323849,-0.525433535591867,0.190336007510126,-0.5243438232433,-0.296761272234989,-0.222637065737498,18116.4596531285,-0.190952352057238,0.487740409479637,0.683753919823058,-0.858095881411536,-1.93705476399537,0.564434418176169,5,25
"Greece-2018","2018","Greece",-2.38910196783194,-0.27951706077788,-1.00722887822125,-1.47096676955499,-0.573818297950008,-2.30214576564024,-0.55015275412474,-0.804398272678815,1.10602804743176,-0.675152460132594,0.667525028956524,0.608523549560268,-0.584039493353126,-0.574347386810702,0.948029520795336,0.752424406931966,0.243576128925394,-0.829437520352585,0.535117913850862,1.16140235630994,0.850761967471195,-0.357623819522073,0.0748194756697922,20324.3049917812,1.93437065932918,0.515805775980399,1.27166222509023,-0.858095881411536,-1.71025909417799,0.281450795108944,6,36
"Hungary-2008","2008","Hungary",1.15905770193093,-0.313111782146838,0.428601435119392,-0.731080943578875,1.25946151252707,0.0219190366735474,-0.349713970370641,0.771818276469534,-0.461403119453358,0.339237665100615,-1.04208084427553,-1.03876485103066,-0.810639921379961,-1.27243040331133,-0.626055565492637,0.375430390490541,-0.21425956913487,-2.05590363181468,-1.00342855505901,-1.28918787433516,-0.310123579489788,0.954480160441891,-1.91416547262041,15753.4732840195,1.0582892500439,0.0509077899059254,1.71880375303992,-0.858095881411536,-0.96013844696912,0.536136055869446,1,1
"Hungary-2010","2010","Hungary",1.11779411484336,-0.800932325367879,0.652777185534461,0.0913831536987757,1.37041486056516,0.0342717815545224,-0.115230365388346,0.694303106435299,-0.559795128163399,0.358127689271302,-0.307821663289134,-0.300150633572146,-0.448058680765015,-0.359920481466358,-0.224925981041466,0.0601460633841424,-0.729822249620677,-1.92947783192157,-1.20944900455531,-0.888914347244701,-0.954333305549827,0.941489031927396,-1.45994524313354,13191.6212644696,1.12217824979848,0.0913955317430906,2.09142169299799,-0.858095881411536,-1.04275936548912,0.592732780482892,2,4
"Hungary-2012","2012","Hungary",1.08986725922024,-0.95420601564409,0.429137261231162,0.893410183600465,1.13710780622555,0.126607643913401,-0.192620547604236,0.629718478671813,-0.443737075710432,0.498476626561144,-0.166800774184073,-0.16039803194088,-0.153550743491924,-0.357004663355386,-0.0186931438202445,-0.44397432602736,-1.24123556721981,-1.61390322404263,-0.190607216667044,-0.40336293548708,0.0869927909606164,-0.00526170364947848,-0.482107997731283,12950.6865153085,-1.38062332775523,0.123476211483902,2.53856322094767,-0.858095881411536,-1.11964550789083,0.621031142789614,3,9
"Hungary-2014","2014","Hungary",0.549147318953851,-0.70383204428182,0.342762251725037,0.205190901094775,0.969599191041356,-0.101278764105705,0.18186617688017,0.148947140130219,-0.237930863733942,0.768550847706892,0.0458794920934601,0.0641695505540669,0.258264266927255,-0.00446305150203262,0.0841210855556626,-0.242246552331484,-1.12459511337135,-1.03919226351078,-0.83865815652154,-0.390304987364392,-0.642870610494171,-0.711765542040491,-0.498909324971872,14267.0121547683,4.22895073481537,0.146438784075435,2.69589079559664,-0.858095881411536,-1.31354470107438,0.734224592016504,4,16
"Hungary-2016","2016","Hungary",0.993162104898214,-0.64090149446877,0.327267214657063,0.153636170823065,0.645779740531811,-0.253743695113592,0.40061300003207,0.142303516687656,-0.386417996263544,0.326181370658802,0.169938147374595,0.186689678079271,0.384542081166638,0.470571098208907,-0.234802377218471,0.115751445119149,-0.260660720161716,-0.485140926915746,-0.714448393049428,-0.242400016309918,-0.233362281647742,-1.33640747472373,-0.527106335036512,13090.5067287853,2.13999571174807,0.169526835205719,2.79525557958545,-0.858095881411536,-1.45407779331686,0.309749157415667,5,25
"Hungary-2018","2018","Hungary",0.624329397105829,-0.73668245301017,0.486142451714261,-0.084044499643044,1.21241891358615,0.171995830712885,0.581805206185262,0.186604841420636,-0.530056937995038,-0.115751526423429,0.069220485125474,0.0853769231039053,0.295045619631374,0.312283083899644,-0.0752797420539274,-0.0452024095542143,-0.565018554849322,-0.167244141198634,-0.117529131960048,0.546803401373349,0.372868386735589,-1.25276596237013,-0.194001760179625,16410.1872639683,5.40529410393094,0.19345140992768,2.91118116090574,-0.858095881411536,-1.40731088208096,0.239003251648861,6,36
"Iceland-2008","2008","Iceland",1.27156962501152,-0.0834345541621715,0.297151551240024,1.27073609725197,1.37823876705534,0.728539513935567,1.19886916820276,-0.785712931562221,-0.0410257757955016,-0.0630405678097792,0.212637644930197,0.212248532283662,0.116112678977544,0.428564115172964,0.0223253839063481,1.74059362288402,0.41055779795803,2.45686348487075,-0.219792489490278,-1.78655709389096,-1.20234458400361,1.26519948080227,0.637956135224998,56409.7731130165,1.99198082855523,1.11546771267403,-0.930923819995245,1.52888057903766,1.32541961346596,-0.213770545258699,1,1
"Iceland-2010","2010","Iceland",1.03347476437564,0.306210532362279,0.552562530211757,1.17175130137207,0.228719472997953,0.688394904325304,1.04337315308936,-0.794753898367351,0.0680089661230779,2.17071055123704,1.91372264805132,1.94001955802617,1.79953066060065,1.30788886480751,2.10788971205211,1.65197831102641,1.52395785746657,2.20907844390465,-0.770061275122048,-1.8789475480663,-1.57358700428454,1.32232485413313,0.0425317076683134,43024.9234930663,-3.43587559404847,1.12295459881954,-0.930923819995245,1.52888057903766,0.825259127513363,0.974760671623645,2,4
"Iceland-2012","2012","Iceland",1.57064766550647,0.742143916162658,0.40181492082297,1.21898199162326,0.492328119925692,0.970576335353883,0.709606858224144,-0.834644607922919,0.320775893599806,1.35891470521249,1.38704620018697,1.38182101478043,1.26734576700585,0.95530081275877,1.47711294961157,1.67469348135484,2.44359157222477,2.21537448545689,0.537875577424711,-1.45930594708437,-0.737932995041459,0.430563963912132,1.77876625486096,45910.0205425261,1.29643760789892,-2.78697339915043,-0.930923819995245,1.3962708273972,0.632771260395121,-0.171323001798616,3,9
"Iceland-2014","2014","Iceland",0.547663261298315,0.242023632363896,0.843849902213415,1.22681706547278,0.328029733693259,0.80185540943298,0.881517640024207,-0.807986010894043,0.184996771810867,1.74886656054265,1.65587818588094,1.68146847345545,1.58662340955167,1.05926632165291,1.87475204871751,1.61080381102938,2.36289710148244,2.42170781567671,0.692534542858072,-0.247287628177069,-0.326646190684488,0.195833847328316,1.64654711440242,54241.9346445558,2.0826231642619,1.12684443352084,-0.90608262399804,1.26366107575674,0.633527563848468,-0.171323001798616,4,16
"Iceland-2016","2016","Iceland",1.57064766550647,0.742143916162658,0.40181492082297,1.21898199162326,0.492328119925692,0.970576335353883,0.709606858224144,-0.834644607922919,0.320775893599806,1.35891470521249,1.38704620018697,1.38182101478043,1.26734576700585,0.95530081275877,1.47711294961157,1.67173907573629,2.43607671255923,2.83957489238701,0.338519481565217,0.375809935453899,-0.274898290345531,-0.227534573712545,1.07902749991488,61466.8039542895,6.62703663431921,1.12968861373254,-0.90608262399804,1.32996577255372,0.418754862833863,-0.0722787337250866,5,25
"Iceland-2018","2018","Iceland",1.03860536369908,1.48475733540356,0.986774929499651,1.61553500475641,0.703515802522595,1.37721982169646,0.664555706171003,-0.842178924923506,0.356859301762161,0.969012050762944,1.22690206729332,1.20876619033217,1.14605121106961,1.00968958676732,1.16228701311223,1.38718360236164,2.39564616818104,2.52912853795771,1.09009770808796,0.464735291663716,0.333282964081619,0.52862029009688,1.42842205727026,72968.7042280499,3.81442300431327,1.13295105574008,-0.897802225332305,1.32996577255372,0.58119973888986,-0.426008262559118,6,36
"Ireland-2008","2008","Ireland",-0.141392905820447,-1.77058845683917,-0.221342861668865,-0.783758178976123,-1.49888071973909,-0.210604178808216,1.30309954673883,-1.31558175003152,0.369547784999853,-0.2499870985997,0.757157413914069,0.740621817138367,0.489722259766084,1.19337151735935,0.439853726452463,0.351111004122475,1.04101137085788,0.334366370206159,-0.0819093107978325,-1.12337381800627,0.0256640709358425,1.53676745495458,-0.817842345547566,61262.1004631517,-4.48038347614992,-0.23359388362341,-0.558305880037175,0.733221711148395,0.651491854206055,-0.45430662486584,1,1
"Ireland-2010","2010","Ireland",0.200110526898124,-3.32540181704849,0.628630672915352,-0.559054598047054,-0.900976337901902,-0.107981305518037,0.801256851093974,-1.57251627065532,0.921149460380564,-0.51448916431848,0.830750360617639,0.803194646016676,0.43866307001134,1.47174396276494,0.227454631367392,0.470603391042432,-2.19103726647478,-0.232752722055743,-0.576565214356982,-0.419958931006139,-0.99076336842703,1.53587765163167,-0.436817463430566,48715.1769134801,1.80997931190268,-0.216821585610287,-0.657670664025994,0.733221711148395,0.345290988477228,2.84245258386733,2,4
"Ireland-2012","2012","Ireland",0.638735780792864,-1.42227440087747,0.209502058165532,-0.645441574759941,-2.8559577103871,-0.0669410313412415,0.315060162640441,-1.52209276268327,1.17162581175975,-0.725659343854549,0.537662406623139,0.528772326826861,0.426324889086854,0.608803209706275,0.376485176429636,0.095849941005695,0.622507716451999,-0.310167703169136,-0.250586399398258,-1.55523444865608,-0.775453091296091,0.831153419886483,0.15831476713063,48917.8976130459,0.225714790371583,-0.200091113776748,-0.723913853351872,0.865831462788856,0.746797268228539,-0.411859081405756,3,9
"Ireland-2014","2014","Ireland",0.0106808849026922,-2.28096704120621,0.558577198279983,0.174888629738766,-3.19550010430631,0.103197199985736,0.141756686948128,-1.6771307120942,1.45899596267425,-0.770032310196346,0.726976915580757,0.738075428737602,0.515313184979613,1.23653428728073,0.357475210476328,-0.720672212021968,0.391761004144392,-0.18431506192542,0.508690304601477,0.324854758003073,0.0347285590218241,0.980640378135462,0.51318801815141,55492.982562275,8.55668815348987,-2.78828088552422,-0.699072657354668,0.948712709733905,0.848375061872165,-1.06272141446037,4,16
"Ireland-2016","2016","Ireland",-0.0481793858148335,-2.65713449433333,0.929796091120402,-0.0227883593037039,-2.24588828243497,0.170176427159664,-0.323691216625068,-1.55434649586383,1.63633595720662,-0.799136810857217,0.463086057013456,0.495669937132215,0.392344513054046,0.918556704001125,0.254614388046616,-2.02778223142362,0.648848097339101,-0.0409129007593696,0.369428294122107,0.561247388682245,0.307122163023343,0.267907916484074,0.193524505086994,63197.0823976808,3.67781580955584,-0.166839301007589,-0.690792258688933,1.13105139572557,0.308772161799001,-2.44934116748977,5,25
"Ireland-2018","2018","Ireland",0.14067472448789,-2.11827666045915,0.900066925226595,0.728607666431887,-1.66421694008024,0.397056684184424,-0.368214199642269,-1.64309091939433,1.7408105389958,-0.773615255336755,0.538557179446276,0.574153571544914,0.421159661654415,1.11948412288364,0.280957435054101,-2.07491783253377,0.955004941921251,-0.00288061061449773,1.05677593990395,1.36639025700689,0.890921091902759,0.993097624656211,0.462710987180772,78621.2279310086,8.16987071841437,-2.78824616979517,-0.757035448014812,1.13105139572557,0.489093116522514,-2.77477233401708,6,36
"Italy-2008","2008","Italy",-2.22219664623817,-1.36786679858297,-1.97952648326428,-2.2716430463215,0.582036894256445,-1.49638273756441,1.0171588686219,0.607323516363601,-1.20161801682691,0.596174628330154,-0.11768537098852,-0.100781809952159,-0.824147085470109,0.0798900845362325,-0.10552196205001,-0.140623587207621,-0.761439858270761,-1.75414875555326,-0.789709628085721,-1.20628084617071,-0.914518402184819,0.915506774898407,-0.692124588238641,40778.3427367209,-0.962012840579291,0.0571398906639188,1.52007418506228,-1.35538293342603,-1.82943493706322,0.394644244335834,1,1
"Italy-2010","2010","Italy",-1.5623518219781,-1.64313188538774,-1.17010564232171,-2.2363361652755,0.327401314798588,-1.3550905201633,1.13619549477316,0.462128184659474,-1.19507996474116,-0.283025801320714,-0.925834995979107,-0.918633158002594,-1.40434385986407,-0.479715313591368,-0.946510608506891,0.0428727266847678,-0.850096162097018,-1.91263737594101,-1.80142745174154,-1.25366150150974,-2.19284070301925,1.09560296745551,-1.03896242188349,36000.5201179254,1.71329583916922,0.0669690428661232,1.2882230224217,-1.35538293342603,-1.49958998472524,0.69177704855642,2,4
"Italy-2012","2012","Italy",-1.40869616713298,-1.65838771368583,-0.412645560345112,-0.803109117787188,-0.819713805520421,-1.04346898425268,0.863600571893531,0.434919045029678,-1.02686468415576,-0.111412506991258,-0.738583417372267,-0.729133650420741,-1.2411077784893,0.061058324402981,-0.82588784835085,-0.216974263693281,-1.29278278765355,-1.65184144955882,-0.204280631887379,-1.07522719364328,-0.550447254123816,0.0931505438644341,0.262994340764384,35053.5262442572,-2.98090576823772,0.081900988977557,1.03153066378392,-1.35538293342603,-1.54275946470293,0.790821316629949,3,9
"Italy-2014","2014","Italy",-1.16266315276703,-1.23780100355438,-0.303463204224975,-0.547353272259917,-0.956054546890927,-0.772281858418752,0.424688807265399,0.419545503341672,-0.656969108876127,-0.612917705745036,-0.808686554558124,-0.800078365949978,-1.28375426581381,-0.0921207466127195,-0.871138689400783,-0.342070111015434,-1.4574979577351,-1.57419517133184,0.25935155646597,0.825506701947266,0.441311008802525,-0.91819991295575,0.300030309942552,35518.4152916749,-0.00454754236383792,0.10649478257286,0.783118703811877,-1.35538293342603,-1.63732564850241,0.833268860090033,4,16
"Italy-2016","2016","Italy",-1.31611414899451,-1.52848812439252,-0.660672360396648,-0.867972699780207,-0.822082695332466,-1.13612453275106,0.445242294841315,0.687560428043685,-0.904205603419986,-0.287007958669547,-0.822289317221661,-0.81384442787411,-1.21795085886974,-0.740711298919432,-0.767508748775726,-0.552280521602014,-1.4575198488441,-1.398117418422,0.455375475507065,1.30310662574191,1.13858814928999,-1.67613438341099,0.0968072995803013,30939.7142462298,1.29346273155907,0.130879445270243,0.824520697140551,-1.35538293342603,-1.31084806564387,0.564434418176169,5,25
"Italy-2018","2018","Italy",-1.36851184330806,-1.49022157659488,0.0481241697905145,-1.54405741762482,-0.911861429172316,-0.946170288906444,0.45458078291985,0.59531570698749,-0.827970475946758,-0.383264810594143,-1.14789050029993,-1.14335440755204,-1.41636494273182,-1.10062933574157,-1.06018168503494,-0.560708417011773,-1.39344924559759,-1.27611898410242,0.967151873753859,1.44845836671653,1.60804831389497,-1.29369691522402,0.317342981925245,34615.7568910987,0.944089468582305,0.155264107967627,0.692034318488793,-1.15646812694209,-1.55655404538166,0.479539331256002,6,36
"Latvia-2008","2008","Latvia",1.7637854728972,1.00060519019696,0.909091322974751,0.859197531364411,0.405731022890425,0.696466752941446,-0.38798583884852,0.581835156104756,-0.262913374649481,-0.445584265231856,-1.38451652958753,-1.38282109917977,-0.946164126245556,-0.882711066943314,-1.65925986174041,0.404841516444965,2.45795779329291,0.222257479753436,-1.63539312406606,-1.20628084617071,-1.2790485116679,1.04292661073921,-1.89634145589561,16422.1119788425,-3.32730003999858,0.046348736331286,0.509865547842625,-1.15646812694209,-1.26262665746024,-1.03442305215365,1,1
"Latvia-2010","2010","Latvia",1.25761439485177,0.248570176899855,1.1853731682013,0.806851064256319,0.741345038288503,0.813895713186109,-0.61625792549039,0.213935196540642,0.221362840578601,-0.0627223190757727,-0.592127418766212,-0.59704395654096,-0.227644529173758,-0.140879820979348,-1.04511082897348,-0.192964231153191,0.0089665700790234,0.0102774083187034,-1.77086334713138,-1.0452449775627,-1.46429681565292,0.961064705031429,-1.8806358673881,11383.5224134721,-4.4068236355224,0.0466415195883729,0.128967209218821,-1.15646812694209,-0.957107928259165,0.0409147155018029,2,4
"Latvia-2012","2012","Latvia",1.04231465980497,0.798435527568279,1.89979227909325,1.33190079924215,0.251037773083891,1.05597872155375,-0.687417426877211,-0.190239966938753,0.636986213640154,-0.150838605046897,-0.628107322309282,-0.631334792725688,-0.244361426516388,0.109218894228932,-1.24331468460117,-0.865433118019382,0.220110204936581,0.266184016430419,-0.877035641257604,-1.26744894394096,-0.475464431792311,-0.336802421765965,-0.939177147924165,13926.3473076523,4.25172304811186,0.0489837856450684,0.112406411887351,-1.02385837530163,-0.693614020568109,-1.00612468984693,3,9
"Latvia-2014","2014","Latvia",1.26895259534009,0.159137554812578,1.83998498156668,1.84514862625675,0.398385274436265,1.17563190037815,-0.825521765041252,-0.108291620694235,0.637710684000071,-0.514732677537661,-0.764701920799162,-0.773032304844864,-0.393179824194874,-0.260699699501881,-1.14473476539372,-0.613692892532724,0.481697557069126,0.292462361639049,-0.218068949756623,0.539435508857196,0.170236918889471,-1.38801606745254,-0.0729591547985158,15713.536972819,1.07363408715679,0.0512842255221801,-0.202248737410575,-0.940977128356584,-0.449503920385453,-0.991975508693567,4,16
"Latvia-2016","2016","Latvia",1.30661939202592,0.345286945994255,1.14397561013902,1.63822324453306,0.261596183864049,1.04542002268518,-0.863492777739162,-0.32161246084726,0.856472906004844,-0.236711579981046,-0.600465163485121,-0.6425966752254,-0.363802256193113,0.0965229796874487,-1.05280533900221,-0.293693188319012,1.30183567293824,0.598349879366184,-0.640336184502238,-0.118787205729496,-0.358027677918867,-0.989384178788598,-0.369246908223851,14315.7928949778,2.37292412754951,0.0541702319134656,0.112406411887351,-0.758638513974215,-0.354556576718723,-1.14761650138054,5,25
"Latvia-2018","2018","Latvia",0.898462831171177,0.503493126973416,1.45191751177835,1.65364452089915,0.670681067361958,1.31091347498049,-0.823398919124636,-0.442113206857299,0.955378732136594,-1.0304307733547,-0.801315920450675,-0.827871657839356,-0.488300479744189,-0.184325406472688,-1.15891070201453,-0.147133984253953,1.28684676935665,0.844144966892156,-0.426617257528947,0.464735291663716,-0.0252806469144839,-1.66563470420065,-0.10853413899924,17858.2799784486,4.02431104454983,0.0592311996431113,0.352537973193663,-0.841519760919263,-0.276939232577317,-0.921229602926761,6,36
"Lithuania-2008","2008","Lithuania",1.42703950500582,-0.0864190310609214,1.28274578905045,0.482999092313948,0.766835241682101,0.504252065458772,-1.02677641411353,-1.34621429277912,1.91373243598283,-1.66727264753665,-1.02198788310836,-1.04443536319585,-0.731867170216698,-0.934747305885085,-0.990102071226249,-0.027608111281608,1.62636389294361,-0.785013825593143,-0.862098296899256,-0.294412960508112,-0.358085048096627,1.10325527603254,-1.6392811491146,14944.996652175,2.61442303328732,0.0051081232616116,0.244892790539109,-1.55429731025418,-1.14373325458543,-0.977826327540206,1,1
"Lithuania-2010","2010","Lithuania",1.06836057835382,0.115247368859993,0.976969551219008,0.52257917564612,1.72372011495251,0.770230027908873,-0.964947373276219,-1.71867959081708,2.21418210838185,-0.620004500939343,-0.0256475916463081,-0.0108859235615233,0.250349283763586,0.214322448810264,-0.375053459713342,0.134290120106487,0.857966352902234,-0.465804916136186,-1.23185502109283,-0.107297670370147,-1.08186721070892,1.10983982062208,-1.4050122079817,11990.6630177633,1.65124065328366,0.00130194091948141,0.236612391873374,-1.55429731025418,-0.887100204179713,-0.355262356792311,2,4
"Lithuania-2012","2012","Lithuania",1.4125890236056,-0.0746246178584795,1.5043757665232,0.429563316176649,-0.891693015217802,0.568852211928717,-1.08864469803262,-1.49153150745964,2.08278007638203,-0.739589421023962,-0.128948560137865,-0.119850374529004,0.200565225833223,0.131195020850485,-0.331005052259151,-0.549608451007385,1.2404794723323,-0.189759236942913,-0.0395102333499058,-0.115577430771963,0.161975613292121,0.306347420033813,-0.417386363230581,14373.060522928,3.8438647490634,0.00577734213495317,0.236612391873374,-1.42168763022302,-0.703856962831411,-1.24666076945407,3,9
"Lithuania-2014","2014","Lithuania",0.616433079667763,-0.265979035855623,1.90745115873244,1.0546573392186,-0.108574787305337,0.843218992255109,-1.00582884783991,-1.57362910361391,2.10806623996864,-1.28039989541773,-0.665826591231009,-0.661456832981576,-0.366178301249616,-0.600419643026227,-0.633098438383102,-0.690956659896588,1.3220917031563,0.143803785315861,-0.110749875674336,0.324854758003073,0.486461338699155,-0.909301879726643,-0.467352049459115,16564.9565494076,3.53700987901611,0.0159829299534121,0.261453587870579,-1.3222301911764,-0.400513688379561,-1.45889848675449,4,16
"Lithuania-2016","2016","Lithuania",0.93721284860673,0.673437975132011,2.01612244374747,0.845170801261283,0.566092817963692,1.42226296481562,-1.01610712180202,-1.51942869184334,2.06517554427343,-1.74656204640971,-0.769067604078183,-0.784135244168054,-0.525041057884166,-0.812923976461141,-0.632737009408559,-0.508661313191365,1.85510866122907,0.451908714273952,0.435956927841211,0.994019887217715,0.889142616392218,-0.623852973736925,-0.0545507440827399,14998.1250595137,2.51882827307178,0.026774084286045,0.137247607884556,-0.957553320458155,-0.222846157553588,-1.52964439252129,5,25
"Lithuania-2018","2018","Lithuania",0.465004359338901,0.0358381914107162,1.97305751620477,0.87009260944672,0.809962541488364,1.30484487208846,-1.01419543991877,-1.55048522181222,2.09097576937554,-2.09419865323988,-0.867772190398214,-0.869352529337487,-0.574554520979672,-0.704087204149887,-0.924813221771525,-0.719785261511476,1.5345396646166,0.776340346213084,0.191558993608851,0.895136933696463,0.731431997731692,-1.3257298348488,-0.0318324276835096,19176.1765182085,3.9368459012309,0.0398656784957895,0.393939966522337,-1.15646812694209,-0.218105693849636,-1.55794275482802,6,36
"Luxembourg-2008","2008","Luxembourg",-1.29837556118491,-1.78406299323521,-1.85145605706742,-0.638490103734778,-1.17032348960546,-1.86720507500506,1.12857023676058,0.616068386299469,-1.36100857472962,-0.882872350067055,-0.121065696286073,-0.107417192935869,0.40939232462805,0.931946612473819,-0.429098739669356,-1.37114968043016,-1.09520574438466,-1.07147959553726,0.166280410848569,0.202956259047696,-0.358085048096627,0.157928225772325,0.730217336550491,114293.84332087,-1.27958624140669,-2.78721599099202,-0.492062690711296,1.32996577255372,0.906347012226092,-0.751439429086426,1,1
"Luxembourg-2010","2010","Luxembourg",-0.419459516689444,-1.21468653451199,-1.37527992875861,-0.745176363882034,-1.08019374153307,-1.34491490128627,1.4475125810727,0.571380453571282,-1.46682908966051,-1.44341549156127,-0.452789849546181,-0.440880636811772,0.00822756296943075,0.595568797618174,-0.759020825602178,-0.986982517326858,-1.29176207336195,-0.823132077377994,-0.798786937349641,-1.40999213182774,-1.66463347638867,0.15668250112025,0.58506847904158,104965.306078267,4.86496897912487,0.912694394051535,-0.492062690711296,1.32996577255372,1.10176822291829,-0.128875458338531,2,4
"Luxembourg-2012","2012","Luxembourg",-0.523545384418357,-1.00429175265439,-1.49042185309346,1.71239453869505,-1.25928156798653,-1.33610043897494,1.34245581432849,0.809707461967027,-1.62617058471202,-1.50980367218582,-0.0380101848397956,-0.0228231496826754,0.472930552892555,0.900424677598511,-1.05656639686703,-0.923305243611858,-1.19515877094751,-0.608112738042456,0.742517195134083,-0.595584685784756,0.161975613292121,-1.1824714998602,1.68533626555352,106749.013622989,-0.352520089272659,0.942056372119397,-0.492062690711296,1.32996577255372,1.00074835805172,-0.128875458338531,3,9
"Luxembourg-2014","2014","Luxembourg",-0.897067714402249,-1.43850010674263,-0.995092536572151,3.27961380574685,-1.11095767522472,-1.31432736768252,1.10697754906331,0.586469913141265,-1.30001026963074,-0.482681106408447,0.691363262821807,0.717979339392983,1.13891465140339,1.49986637097723,-0.46961539364495,-1.12494393068083,-1.12972804706042,-0.36750070443177,0.257168406136673,-0.0327433520383727,-0.281495860787859,-2.20307591123865,1.74289907366475,118823.648368575,4.29678630500703,0.96861599615514,-0.492062690711296,1.32996577255372,0.96489741988403,-0.426008262559118,4,16
"Luxembourg-2016","2016","Luxembourg",-1.96220048673831,-1.82049043844028,-1.0550723205967,-1.09044299842037,-2.49312975012587,-2.77621223612095,1.42803708941825,1.25868029290253,-2.20064482431313,-2.41099440428116,0.868416842504652,0.90225713494089,1.40704481546879,1.8460957688563,-0.431899647818209,-1.13423458589505,-1.13820097798827,-0.514838388585466,0.387582912649946,0.499459220749747,0.265528784147796,-2.34508852157518,1.35376572492294,104278.390971905,4.57460105103911,-2.78710473335432,-0.492062690711296,1.32996577255372,1.04195541247918,-0.609947617552813,5,25
"Luxembourg-2018","2018","Luxembourg",-2.08359074940846,-1.74885421803326,-1.23921044121823,-1.09044299842037,-2.37641751780278,-2.73063205651247,1.25788360669979,1.21479788249586,-1.94469271700938,-2.0880697182274,0.908016242230983,0.925532087816145,1.43852143107473,1.74990455739151,-0.0261080955261202,-0.811323072491457,-0.984790054659132,-0.319099771104503,1.11078018489182,1.38681609764574,1.4485592197239,-2.25112529067582,1.18882052096969,116654.26106674,3.11083626560442,1.01449931515862,-0.475501893379826,1.32996577255372,1.21650012752502,-0.440157443712479,6,36
"Poland-2008","2008","Poland",0.654669754493324,0.0181341836019445,1.33237478609937,-0.0846899351207544,-0.72507075659656,0.439123033137617,-0.937627055388547,0.393539440801946,0.251084676463222,0.470246531423844,-1.20889308753058,-1.20508932229847,-1.3385391050005,-1.31824182977015,-0.930759493859882,0.0800228840477592,0.144242227052716,-1.59415344137364,-1.41707809113635,-1.20628084617071,-0.760995806500728,0.874753782709101,-2.08568510897216,13996.0251506835,4.19996229248767,-0.234639538113007,-0.235370332073514,-0.858095881411536,-1.43590358352723,-0.143024639491893,1,1
"Poland-2010","2010","Poland",0.780775645698661,0.268062702946986,1.3805799709914,-0.626559953214932,-0.251782510750414,0.698761610384879,-0.974795856629968,0.196588031716854,0.465051920115472,0.195615935056931,-1.00773701296295,-1.00232564390177,-1.29383164879702,-1.04179873967332,-0.825931778944448,0.181247009025521,-0.000977807341330988,-1.33235027823884,-2.05111090782378,-1.14945323953622,-1.62820341351146,0.860694890207114,-2.16435915000743,12613.0109954681,3.74051777907684,-0.244008602339789,-0.202248737410575,-0.858095881411536,-1.09503731222482,0.111660621268609,2,4
"Poland-2012","2012","Poland",0.653795149848331,1.29899558554858,1.0739492861561,0.124712829528299,-0.282048819412222,0.650459117644989,-1.03861883209664,-0.202692856099403,0.875967700400246,0.200187257381057,-1.14905181506381,-1.14583913127644,-1.32875422054362,-1.54732192126195,-0.716084660903872,-0.210083446801747,0.0166932837297535,-1.12613127776109,-1.06386734838587,-1.36337744551267,-0.775453091296091,-0.0435232465346339,-1.03399507296018,13097.2708482174,1.32489082785044,-0.253963233080745,-0.19396833874484,-0.725486201380373,-1.02454633442576,-0.298665632178867,3,9
"Poland-2014","2014","Poland",-0.087603306764833,1.39259831985741,0.97380091036734,1.08034197394166,-0.447740920734379,0.472459143040025,-0.991891833309199,-0.369220779108334,0.99793062565539,0.208455496505717,-0.985136667646494,-0.978646737932649,-1.17823542244602,-1.27700919785744,-0.655722694081728,-0.0782018626347639,0.297017919453483,-0.885519405433688,-1.01698706763044,-0.247287628177069,-0.73322864046519,-1.19581854970386,-0.524768759072604,14271.3058536202,3.37857807264132,-0.26446160415629,-0.0946035547560212,-0.642604954435324,-0.716103814529605,-0.369411537945673,4,16
"Poland-2016","2016","Poland",0.0972786172187309,1.35952595937077,1.07956547847207,0.789367256779448,-0.419796051087153,0.640196558628044,-1.01823364013661,-0.373629391827206,1.01903155716949,0.129932759455672,-0.899828257693619,-0.895494395027581,-1.11836960079416,-1.31198388299048,-0.484199019486586,-0.165881811267795,0.437429036987901,-0.718200048327513,-0.179806367669469,1.17949381516149,0.182399396574459,-0.572066420343527,-0.350473251263716,12447.4395912808,3.14173122907013,-0.273872494562656,-0.475501893379826,-0.46026669809945,-0.961668066130327,-0.553350892939369,5,25
"Poland-2018","2018","Poland",0.62653032527841,1.11387491495826,1.3374687276298,0.660980658503815,-0.553780069516755,0.763082823905895,-0.986667489168864,-0.288597793421988,0.919790346174355,-0.165933933451804,-0.9735675092033,-0.971458351407363,-1.19663890403309,-1.34444949307224,-0.597355575577562,-0.26661647936581,0.287571557805621,-0.485951132347005,0.641977377337507,1.22304462538073,1.48871834415546,-0.711765542040491,-0.388312762179476,15468.4822194105,5.353704746044,-0.278891636112718,-0.285052724067924,-0.89124869527047,-1.05092766636328,-0.482604987172562,6,36
"Portugal-2008","2008","Portugal",0.144985558630168,0.0920203754378229,-0.485836532436684,-1.43079998994549,0.639443842382745,-0.0907191596106756,4.03061793381912,-1.40380726980602,-1.34361957743498,3.2081677931243,-1.20740885948639,-1.20358727630449,-1.29179831226734,-0.495669347009885,-1.36546403288445,1.40025755327897,1.71855386882228,0.183919470893868,-1.02066395239557,-1.12337381800627,-0.415627336389281,0.322185919181622,-1.54957667149964,24847.545135091,0.319247925063081,-0.308128135641828,-0.102883953421756,-0.0624370851315703,-0.191505397733048,0.0409147155018029,1,1
"Portugal-2010","2010","Portugal",-0.0921137113270771,-0.277570595474318,-0.222212481096156,-0.847867394588513,0.634010726072677,-0.249988967820602,3.59402920896933,-1.0863521777717,-1.40811403784557,2.43857571512344,-0.804932809866801,-0.830176663656674,-0.761826365472407,0.236092464452252,-1.12869577223568,1.71120437288172,0.827135145555326,0.137014606945708,-1.81590518550425,-1.0452449775627,-1.62820341351146,0.513671594271983,-1.568788623953,22498.6908586557,1.73762547590566,-0.257602110704539,-0.102883953421756,-0.0624370851315703,-0.344454102425486,0.974760671623645,2,4
"Portugal-2012","2012","Portugal",0.403772423148996,0.175763806176418,0.066442874714195,-0.269399376019143,-0.661569422713436,-0.118540004386607,3.01119048748345,-0.781426068322507,-1.26152082900957,2.67354541935894,-0.232175235765722,-0.226548071564007,-0.112139961347112,-0.188521721656719,-0.211969118392763,0.577797266672267,0.0291152013803203,0.0900539824379691,-0.232431780870419,-0.691513187356462,-0.100492949957026,-0.243728994189518,-0.225339887945767,20564.8898617969,-4.05729360769561,-0.207577999922257,-0.14428594675043,-0.195046836772032,-0.294061650077134,0.550285237022808,3,9
"Portugal-2014","2014","Portugal",0.144758851155931,0.30774664499643,0.386220065179778,0.193499315479614,-0.128912320768767,0.0453113680720535,2.5917721057768,-0.691566942872117,-1.05666658280253,1.74346505120791,-0.229756807545315,-0.236988198055601,-0.108208417215207,-0.212363283093356,-0.214530405122048,0.669971612214263,-0.378053167724962,0.0600955220920951,-0.537383411078545,0.324854758003073,-0.191137830816841,-1.49657207284764,-0.17698128519242,22074.3007634216,0.792190301875365,-0.158515891270403,-0.136005548084696,-0.244775771123238,-0.388445638118591,0.946462309316923,4,16
"Portugal-2016","2016","Portugal",0.188093334697684,0.188165231629454,0.486548912952532,-0.563866640561498,-0.802727028370491,-0.111494230546861,2.28556024544494,-0.592132060689517,-0.948371933246234,0.850810983294669,-0.342217304098754,-0.346741429268443,-0.186587238911569,-0.145404870130788,-0.385604123940425,0.300892801443606,0.346083294709521,0.14628294112687,-0.256906045088329,0.375809935453899,0.431844929472229,-1.67026168147979,-0.364279559300547,19978.401214968,2.01948539561312,-0.110415784748977,0.0627240198929417,-0.0624370851315703,0.0612097121654391,-0.0298311902650033,5,25
"Portugal-2018","2018","Portugal",0.16126552977261,-0.282536120857575,0.533364623277554,0.158551578427868,-0.916728177630555,0.0831085939043595,2.06586640927923,-0.592124851838782,-0.809532119461647,0.899535424987803,-0.313160322405684,-0.317267032993278,-0.0920178824279995,0.0493303487655455,-0.422606330428855,0.209785341797004,0.435765248088585,0.394512406956522,0.762625158693398,1.24347046601958,1.48871834415546,-1.59800965165945,0.204847138662173,23562.5545228191,2.84932594937632,-0.063361332717148,-0.0035191694329374,-0.0624370851315703,0.0593568601684739,-0.213770545258699,6,36
"Slovak Republic-2008","2008","Slovak Republic",0.426171234674639,-0.0899893573681951,0.741852087863039,0.166515063524263,1.44695664694214,0.706451284635923,-1.04738538815841,2.1953788673874,-1.31073501835173,1.69681638843933,-0.369425436193007,-0.344818942299209,-0.0254390848053031,-0.57257431058647,-0.140961304390746,-1.82445608722707,-1.30085266146734,-0.705549484511336,-1.69858958096676,-1.78655709389096,-1.12558328616157,0.254560866640417,-1.89568401265576,18677.2927109318,5.57488636153474,-0.485805746514016,2.0003373076749,-1.05701075950477,-0.639982735774426,-1.13346732022718,1,1
"Slovak Republic-2010","2010","Slovak Republic",0.782108753489805,0.57264916552321,0.53515097649963,0.00347591504147314,1.1717450633464,0.74859551746447,-0.950957249931764,1.63788693435974,-0.863550806814023,1.84977632106174,-0.020601542141979,-0.00619149397419953,0.205036948695206,-0.160406618643712,0.0902480721313027,-1.26676546136969,-1.36462054693224,-0.746130758036254,-1.98619091118942,-1.77473928609278,-1.86497013712441,0.430741924576715,-1.55213339521016,16750.7974416083,5.87125610880706,-0.503623699016735,1.82644893569447,-1.05701075950477,-0.696309436482167,-0.397709900252395,2,4
"Slovak Republic-2012","2012","Slovak Republic",0.447424636367862,1.1824894944512,0.995942267447504,0.271974489641289,1.40638195670223,0.902804685029606,-1.02138029026847,1.49730953904039,-0.689393551170812,1.13772747550462,-0.0349856832577593,-0.0157557842067577,-0.112411567121564,-0.396861830604441,0.292848648000725,-1.39108933416828,-1.2911475875521,-0.610644644876552,-1.23576171115578,-1.55523444865608,-0.962938832213733,-0.662470437951245,-0.868976819758053,17481.8954435252,1.89674227140716,-2.78861800453167,1.92581371968329,-1.05701075950477,-0.697820031186713,-0.56750007409273,3,9
"Slovak Republic-2014","2014","Slovak Republic",0.337175265187251,1.15582224877545,0.933164369122504,-0.650198555485861,1.43336138512405,0.647178032989289,-1.08348570409927,1.25727456700834,-0.429699242018007,1.31648984462407,-0.0751005711873687,-0.0598252530819968,-0.110994229792428,-0.385256999754808,0.176391972470079,-1.07350220912937,-1.06721154647371,-0.463447125822274,-1.40122152558672,0.253364315767125,-1.04945306027487,-1.42894702030643,-0.759914291191972,18674.3440568625,2.64158974610042,-2.78862971586195,1.69396255704271,-1.0404345674032,-0.616810378454417,-0.242068907565422,4,16
"Slovak Republic-2016","2016","Slovak Republic",0.205981741661082,0.731458745584812,0.850801267791464,-0.124544333500435,0.712041129134325,0.424111368977268,-1.04570059579059,1.38872342133579,-0.574360448529609,0.704176789207175,-0.707407133988883,-0.693066080138211,-0.665482809978432,-1.07680212380351,-0.292164416990499,-0.89453333945329,-0.702751235218082,-0.185925781396961,-1.66825528165442,-0.0569625630815713,-1.3142164306344,-2.21677888241147,-0.608483198280059,16508.6703604932,2.13272778393984,-0.540388910870938,1.65256056371404,-0.858095881411536,-0.580565658424183,-0.326963994485588,5,25
"Slovak Republic-2018","2018","Slovak Republic",0.209348432456797,1.44012799847916,0.974874958236669,0.150836169548346,0.663216691914131,0.433172161685058,-1.04762929791868,1.33184986091326,-0.521114806200776,0.587076824990825,-0.843602897105313,-0.836438761005863,-0.822504982568361,-1.07793442969126,-0.526996736253572,-0.845549116233729,-0.390218493434785,-0.0936932321402567,-0.243922045761456,0.915562774335305,0.372868386735589,-1.64961824438826,-0.272164456472798,19406.3475337924,3.76863150894924,-0.543735005237645,1.29650342108744,-0.758638513974215,-0.959848649209437,-0.45430662486584,6,36
"Spain-2008","2008","Spain",-0.996257605256125,-0.260511280098358,-1.51850920306211,-1.45868789132544,-0.331622127551414,-1.26880152566149,0.728952591110264,-1.12724678654135,0.542362280720586,-0.457361959573997,-1.16586513731447,-1.16228777150156,-1.11402896310124,-1.33078016072725,-1.0023730175614,-0.0543392976228921,0.591611243710015,0.157232925060893,-0.160043112056885,-0.708911626614904,0.159967657070543,1.42429631493869,-1.09791316572329,35366.2596011983,0.887145182485298,0.470549849670675,-0.757035448014812,-0.0624370851315703,-0.52715327683374,-0.510903349479285,1,1
"Spain-2010","2010","Spain",-1.26211762990007,-0.234464983178959,-1.03910693840231,-0.275922110779087,-0.347779381136701,-1.14372092747699,0.903338394293951,-1.24892711412793,0.556679357705384,0.210133308813791,-0.424411930694819,-0.419061893620269,-0.489800714121089,-0.771492277868181,-0.241623600295829,0.499008697715819,0.454800049452917,0.29161969757605,0.170416906209343,0.986943792424974,0.539069791704503,1.28851232786253,-0.903309966727952,30502.7197080776,0.163010230841422,0.490040849356748,-0.740474650683342,-0.0624370851315703,-0.375827707889148,0.139958983575332,2,4
"Spain-2012","2012","Spain",-1.45621936807279,0.34966455730147,-0.520670819541349,-1.05849702334858,-0.293207056939852,-0.956083276110778,0.470590453654906,-1.01864678512423,0.638031911423817,-0.254971957439242,-0.47111933273857,-0.474953832962245,-0.551135431022005,-0.929435904211581,-0.269490240162798,0.15834184928544,-0.426754126033122,0.420068359971215,0.462269634441687,-0.211505932343669,0.499426998872773,0.607100943177595,-0.0136431647143507,28324.4293363918,-2.95944130173555,0.509280891965319,-0.649390265360259,-0.0624370851315703,-0.119965717085855,0.521986874716086,3,9
"Spain-2014","2014","Spain",-1.21061771979872,-0.350302122000186,-0.674052840767244,-0.271424139116139,-0.725583590215351,-0.98347485394584,0.508914489300891,-1.21121014006478,0.758722131673351,-0.542003044105267,-0.268140802089474,-0.261972614472607,-0.433119352231529,-0.578743029574973,-0.107259217341963,0.240786461011038,0.257932406377384,0.416473127087848,1.19787639276588,0.825506701947266,1.57064295799585,0.149564074536966,0.213466950029084,29461.5503337389,1.38390794267029,0.528688239292224,-0.56658627870291,-0.0790132772331409,-0.0406506027897038,0.012616353195081,4,16
"Spain-2016","2016","Spain",-1.41022488785701,-0.265041160635104,-0.442347575586465,0.0366288763222841,-0.836218774572986,-0.955870453893258,0.282829327561009,-1.21296442724194,0.902738442399607,-0.260364124834648,-0.231000887166101,-0.216157408716539,-0.381746771198597,-0.441915081738408,-0.102370940382526,0.101853879649302,0.59499506788682,0.433299959337415,0.882123913560184,1.36493126838983,1.38797631201,-0.508712423752293,0.11397387306525,26505.3432155204,3.03130132981933,-2.7875489273815,-0.434099900051151,-0.26135189161551,-0.129803962814365,-0.369411537945673,5,25
"Spain-2018","2018","Spain",-1.54109220137661,0.189620822230363,-0.3908962906284,-0.0182774670044558,-0.837230449908739,-0.880966995215763,0.112955042772942,-1.1186737275481,0.956411248855757,-0.400113932413869,-0.385001521586639,-0.38532241218898,-0.422514932733147,-0.835924657281147,-0.176318110464738,-0.112670708138163,0.450049824934476,0.35318954395962,1.20385133050922,1.55058756991074,1.52830376680943,-0.325590899897293,0.474398867000312,30389.3609902899,2.43004714546871,0.568632240794799,-0.765315846680547,-0.26135189161551,-0.360915135502517,-0.468455806019201,6,36
"Switzerland-2008","2008","Switzerland",-0.423302236645518,-0.910060843252898,-2.76113746987729,-0.613203195749824,0.828811458267123,-0.500235293076609,0.141038776316994,1.03272447335906,-1.0247457059905,-1.6298176986848,-1.08496477060677,-1.08171314397187,-0.884941623640992,-1.02138905649648,-1.02276147229234,-2.15003924261999,-0.451444860082502,1.65529388299092,0.297269430606393,-0.543097570286017,-0.645911229915418,0.688962848885368,1.14221510018927,72487.8459417575,2.1547019611267,0.285678135910066,-0.864680630669366,0.733221711148395,1.7428224934295,-1.93997064596877,1,1
"Switzerland-2010","2010","Switzerland",-0.501501050664151,1.18779465764133,-1.12386488698993,0.10311290488576,-0.136268411063399,-0.375694448260808,0.12112212368315,1.00874302989923,-0.983132353082849,-1.27087236286809,-0.487649494907922,-0.475687213926151,-0.255529950315483,-0.360199644438678,-0.448102715087163,-1.9040077700244,-0.380688070490156,1.47735988261366,-0.265753549054427,-1.30574739513879,-1.30039021779439,0.516163043576131,0.986620200091647,74605.7210819748,3.00269906375317,0.287811271068842,-0.864680630669366,0.733221711148395,1.41593740914833,-1.69943456636163,2,4
"Switzerland-2012","2012","Switzerland",-0.318604089129583,1.3242815686541,-1.14366729521563,-0.16836318065357,-0.0955398099034981,-0.3463050584604,-0.0824529050185475,0.973730175846769,-0.81919554839661,-1.10722649721608,-0.428578847978906,-0.415407519590564,-0.142076915931484,-0.700806647875089,-0.26211123166986,-1.81712933235351,-0.250224304332675,1.65073719870597,0.881089789719991,-0.787441688928167,0.0120099686291112,-0.320074119295247,1.78658252449028,83538.230025042,1.0060240455055,0.289735275329699,-0.864680630669366,0.865831462788856,1.44768182891467,-1.67113620405491,3,9
"Switzerland-2014","2014","Switzerland",-0.312095718946503,0.359693679775135,-1.18412416302508,0.448430625632222,0.469145363644856,-0.492099144981968,-0.0249011246843403,0.760066781786379,-0.661155073229999,-1.05108642406338,-0.478110682226159,-0.465533976570604,-0.225892570834691,-0.361723822087599,-0.45585313678044,-1.82289023437873,-0.3776959601906,1.75533202147159,-0.11523107898184,-0.676412655169889,-0.959095030303855,-0.900403846497538,1.36063235431692,86605.5633762421,2.44921805580964,0.291533801051805,-0.8729610293351,0.932136589241633,1.89543867663586,-1.58624111713474,4,16
"Switzerland-2016","2016","Switzerland",0.0650397967427378,-0.0561633932371096,-0.51628279497484,0.0915576816782707,0.639028343733119,-0.230118617715499,-0.275403911022585,0.767796805734825,-0.505883353889737,-0.830625997237296,-0.239411621365109,-0.220748294408775,0.0657719303035782,-0.353779417875104,-0.138720844117678,-1.77405756601734,-0.353864257355352,1.92970115986136,0.180758144611277,0.0666867222142771,-0.399621056794415,-0.869438690860248,1.20043535154035,80172.2320869148,1.72274067016851,0.29333232677391,-0.914363022663775,0.932136589241633,1.68473692479274,-1.52964439252129,5,25
"Switzerland-2018","2018","Switzerland",0.220132584753712,1.03496693554923,-0.796340976538977,0.828061183240779,0.521436142454432,0.120462968398925,-0.494596697546594,0.769585668696086,-0.365470843835286,-0.838987032959549,0.0768485374886623,0.0960874508501785,0.363277977471397,0.402139643992366,0.0424422676951079,-1.75759980221413,-0.340448997766189,1.98852363418758,1.32449911186511,1.03848256532262,1.01025106164226,-0.726002395207061,1.52776903573634,82818.1081617471,2.75055377478878,0.295758245189773,-0.90608262399804,0.932136589241633,1.74780177910541,-1.6003902982881,6,36
"United Kingdom-2008","2008","United Kingdom",0.341739378502746,-0.261088354669927,-0.665737554177431,0.570438405158336,0.4755871135729,0.630258213882894,-0.527921065700447,0.504900432052273,-0.110511465963397,1.20529585446762,1.03607107154811,0.973234166717638,1.0707287967853,1.17810365087282,0.913008184708745,-0.274610984263772,0.409194338934595,0.639012466616693,0.579929946925907,-0.460227016837,0.12158700814952,1.12372075245949,0.50084269509202,47286.9984928367,-0.281153555903288,0.586868455093357,-0.699072657354668,0.733221711148395,0.943234132873002,-0.100577096031809,1,1
"United Kingdom-2010","2010","United Kingdom",0.17567982843381,-0.794198928421453,-1.39653250124506,0.864584045246448,-0.179491220808145,0.240768198272757,-0.552480972954066,0.349505377535268,0.0357187754112692,1.35475816499572,1.21025916244487,1.23160256556264,1.19222419272348,1.0299505569589,1.24161368406399,0.0925149729905107,0.128391666008044,0.544386273061479,0.895452620833788,0.778490793762503,0.593743571109189,0.844144548400978,0.604207382246076,39435.8399018505,1.94952146428622,0.609663722966554,-0.699072657354668,0.733221711148395,0.78999050845178,0.338047519722389,2,4
"United Kingdom-2012","2012","United Kingdom",0.0875262383394677,-0.221394605449765,0.00160951228834015,0.523451417985573,-0.246662691372351,0.419134045966583,-0.648988821483601,0.27987802518232,0.12267425791732,0.746246033304163,0.822377424542269,0.790477872863727,0.821223510080935,1.21498290581706,0.721035484412716,-0.314612981669217,-0.208316259443587,0.656528334221179,1.83041547501748,1.32444433426642,1.73684436296477,-0.107767046448779,1.31380778578989,42462.771568145,1.4789239242734,0.632040729043913,-0.699072657354668,0.666916656304917,0.74763832807534,0.0833622589618872,3,9
"United Kingdom-2014","2014","United Kingdom",-0.421602213266397,0.262944908334199,-0.460591216941594,1.15827448137892,-0.487565523368163,0.287101859093931,0.384932905268806,-0.568900337706588,0.288230380786754,0.483113495894736,0.77087422264028,0.770196459732364,0.775392899973996,0.542963535832823,0.82665794370309,-0.806533054025267,-0.399905958904774,0.752836400238712,1.52534894216044,1.46917600507878,1.2995688680828,-0.879048566747683,1.6052012395408,47425.6076805194,2.60747590068877,0.654124951864185,-0.616268670697319,0.749797903249966,0.908589093224175,-0.270367269872144,4,16
"United Kingdom-2016","2016","United Kingdom",-0.0593191465937927,0.120279479770738,-0.214563184040177,0.476762996900736,0.0614986043163583,0.318353216891058,0.195363725393648,-0.658768006980081,0.490733515637078,0.468653419365923,0.998113283432427,0.977258528805561,0.869853074979998,1.06321217286175,0.960146377245387,-0.904712139552934,-0.21014689102404,0.845657276377752,2.09756413373409,1.61222983898153,1.88686737780553,0.5941098146631,1.34412322407182,41064.1334316223,1.91815513204681,0.67591639142737,-0.616268670697319,0.932136589241633,0.857549484144984,-0.496754168325924,5,25
"United Kingdom-2018","2018","United Kingdom",-0.0593191465937927,0.120279479770738,-0.214563184040177,0.476762996900736,0.0614986043163583,0.318353216891058,0.195363725393648,-0.658768006980081,0.490733515637078,0.468653419365923,1.34796619881463,1.1684724462936,0.933911600162271,0.570321507120892,1.28060275148978,-0.952866333121004,-0.191428286329099,0.954018911240438,1.87488280014579,1.55058756991074,1.76753740806603,0.234985193536384,1.21804022051854,43043.2278164551,1.34072060244353,0.6973313953743,-0.765315846680547,0.932136589241633,0.329631990720516,-0.581649255246091,6,36
